cell,n,below,above,med_bfe,med_ground,med_ffe,lat,lon
8844184925fffff,259,0.5173745173745173,0.0694980694980695,8.0,4.978127735853196,7.102912121110149,27.923762891322205,-82.84162607048872
8844184927fffff,43,0.32558139534883723,0.06976744186046512,9.0,5.482947170039019,8.525700898390598,27.930234301652206,-82.8417547980993
884418492dfffff,208,0.5865384615384616,0.04326923076923077,8.0,3.595398759196202,5.326614978127237,27.916027136824937,-82.84395140919084
8844184965fffff,283,0.5265017667844523,0.053003533568904596,8.0,3.5746801244219144,5.3465163023945665,27.90181735449651,-82.84615407841987
8844184967fffff,24,0.0,0.25,8.0,6.5475633911291755,10.287773190745346,27.908821039438674,-82.84712210691664
884418496dfffff,117,0.29914529914529914,0.10256410256410256,8.0,4.475964301228523,8.486602496416271,27.894478002279552,-82.8488534860795
88441a8001fffff,34,0.0,0.23529411764705882,8.0,7.472250948548318,9.083774933998098,27.851024314974882,-82.65945666274253
88441a8005fffff,326,0.37116564417177916,0.03374233128834356,8.0,6.119608177493017,7.498822652230482,27.851592170708763,-82.65318051228277
88441a8007fffff,1,0.0,0.0,9.0,5.951132505138715,7.299775457696427,27.862378430042863,-82.65340982439673
88441a800dfffff,190,0.07894736842105263,0.06315789473684211,8.0,6.5854024872183805,8.047546050871293,27.844919174999305,-82.65661801801662
88441a8019fffff,65,0.0,1.0,10.0,11.346817319989205,12.766495109178646,27.862711604243735,-82.6828420749372
88441a8021fffff,190,0.7789473684210526,0.005263157894736842,9.0,5.144774988542001,6.532254009543992,27.85751508061746,-82.6391472143266
88441a8023fffff,98,0.02040816326530612,0.08163265306122448,9.0,6.003159942279259,10.79972832937263,27.865510409881484,-82.64271653803573
88441a8025fffff,275,0.9418181818181818,0.014545454545454545,9.0,4.131748948295911,6.051191643460153,27.858230200750732,-82.63315320412393
88441a8027fffff,84,0.2261904761904762,0.023809523809523808,9.0,5.280775776555141,8.154207197726876,27.86625539574988,-82.63562120776581
88441a8029fffff,511,0.7847358121330724,0.005870841487279843,9.0,5.907162825465202,7.192124387351243,27.852109750470987,-82.64439635579102
88441a802bfffff,20,0.15,0.0,9.0,6.450250398814678,9.93318971457148,27.857905667925614,-82.64952910186479
88441a802dfffff,477,0.8888888888888888,0.014675052410901468,9.0,4.082746519049009,5.488877790329844,27.851332279481237,-82.6360126171817
88441a8033fffff,245,0.024489795918367346,0.07346938775510205,9.0,7.194113704562188,9.78667846265001,27.884158144036668,-82.65888098204499
88441a8035fffff,70,0.07142857142857142,0.0,9.0,5.719292411506176,8.6434374575669,27.87455756005631,-82.64537589086225
88441a8037fffff,66,0.0,0.18181818181818182,9.5,7.29320622831583,13.437234100701412,27.881007326218914,-82.65147550594617
88441a803dfffff,12,0.0,0.0,9.0,6.451753613998493,8.465320361811745,27.863632879584998,-82.65213637105316
88441a8043fffff,2,0.0,1.0,7.0,7.480089882314205,9.271296194016868,27.83710563066179,-82.67585771378747
88441a8045fffff,62,0.0,0.532258064516129,8.0,7.581304155091445,8.779168724024935,27.833587136388797,-82.65689699089906
88441a8047fffff,132,0.1590909090909091,0.06818181818181818,8.0,6.482561605374018,7.825991240390424,27.840248799957024,-82.66105629987187
88441a804bfffff,3,0.0,0.3333333333333333,9.314028080688855,8.394568404754004,10.279984919754149,27.83522072780228,-82.67680945127232
88441a8051fffff,99,0.0,0.40404040404040403,11.0,10.643900837103526,12.418247996116934,27.849108926482494,-82.68367592002788
88441a8053fffff,45,0.0,0.9777777777777777,12.0,12.158212474981944,13.9,27.85509473591082,-82.68845305867535
88441a8055fffff,1,0.0,1.0,9.0,11.476750492453576,24.294659763687086,27.850184948268836,-82.67822968258322
88441a8057fffff,30,0.0,1.0,9.0,11.171510006884734,13.028817241598329,27.85686313628688,-82.68146191922033
88441a8059fffff,28,0.0,0.5714285714285714,15.0,15.075924400488535,16.74155609973146,27.84011817934429,-82.69126126551214
88441a805bfffff,35,0.0,0.2857142857142857,14.0,13.405458292166394,14.749526992788951,27.84787643740133,-82.69247358924811
88441a8061fffff,435,0.5977011494252874,0.013793103448275862,8.0,6.008699760536353,7.138567254960363,27.83802904532372,-82.64598287838679
88441a8063fffff,395,0.5012658227848101,0.007594936708860759,8.0,6.101879546642304,7.294827624971407,27.84485351910215,-82.65082904457498
88441a8065fffff,424,0.5566037735849056,0.014150943396226415,9.0,5.843960321992636,7.351001757342958,27.836694569201,-82.63672366490505
88441a8067fffff,340,0.7058823529411765,0.008823529411764706,9.0,5.756784205635389,7.217167868692499,27.844916315945568,-82.64060230254957
88441a8069fffff,384,0.06510416666666667,0.16666666666666666,8.0,6.956189177831014,8.178358188807632,27.831531070807348,-82.65074268889508
88441a806bfffff,603,0.1724709784411277,0.06467661691542288,8.0,6.792482454180718,7.94669597040855,27.838267490969432,-82.65443145728838
88441a806dfffff,495,0.31717171717171716,0.050505050505050504,8.0,6.231587442159653,7.5,27.830220469208204,-82.64230782725595
88441a8085fffff,4,0.5,0.0,10.0,6.2773982524375125,8.026851723667027,27.902230128653677,-82.67816756187715
88441a8091fffff,108,0.018518518518518517,0.05555555555555555,10.0,6.848786437809467,11.663988081056528,27.923464329603213,-82.70530934373207
88441a8093fffff,232,0.11637931034482758,0.03879310344827586,10.0,7.278335994283359,10.00853452713325,27.926950893495192,-82.71092369737923
88441a8095fffff,44,0.5227272727272727,0.0,10.0,5.016131487488747,7.981013352797753,27.92068706074231,-82.7002365785202
88441a809bfffff,107,0.009345794392523364,0.056074766355140186,10.0,8.80488298634688,10.948845738076178,27.92485582703241,-82.71378972536719
88441a809dfffff,30,0.06666666666666667,0.16666666666666666,10.0,7.489515141248703,10.307021158023497,27.915868785215363,-82.70224764297852
88441a80a9fffff,322,0.42857142857142855,0.003105590062111801,10.0,6.353018756508828,8.303484623949679,27.905371804948416,-82.67324546055474
88441a80adfffff,54,0.3333333333333333,0.0,10.0,4.818544049660365,10.027389941799427,27.903628201908916,-82.66483522670417
88441a80d7fffff,168,0.1130952380952381,0.13095238095238096,9.0,7.629317477742831,8.91982811185014,27.90740524812109,-82.70817098540854
88441a80e3fffff,258,0.5542635658914729,0.011627906976744186,9.0,5.912293155938388,7.688071722292744,27.898959067499785,-82.67581458389535
88441a80e5fffff,30,0.0,0.5666666666666667,10.0,8.17756608337164,16.074726834141874,27.889542792448612,-82.6604860068801
88441a80e7fffff,280,0.4107142857142857,0.02142857142857143,10.0,5.809244205802679,7.953497042696045,27.897456746147537,-82.66781508196496
88441a80ebfffff,1,0.0,1.0,9.0,6.689855507214864,9.43,27.890582804519788,-82.68344794364786
88441a8109fffff,1,0.0,0.0,10.0,7.289115652640661,10.879890010753957,27.84009160002596,-82.6107006093023
88441a8111fffff,215,0.26976744186046514,0.08837209302325581,10.0,4.7058199239770575,9.751964928749356,27.8652177421401,-82.61733861166124
88441a8113fffff,99,0.050505050505050504,0.10101010101010101,10.0,7.480586977799734,9.922197040668543,27.873344870002555,-82.62433087180212
88441a8117fffff,7,0.42857142857142855,0.0,10.0,3.6996873191992443,10.71887798132343,27.87105708042265,-82.61337567610168
88441a8119fffff,19,0.21052631578947367,0.10526315789473684,10.0,4.0372069406509405,9.781005977380829,27.855129848162182,-82.62470068652466
88441a811bfffff,55,0.7818181818181819,0.05454545454545454,10.0,4.670463567574819,6.142439711653973,27.8676553785715,-82.62865627482309
88441a8141fffff,246,0.7642276422764228,0.04878048780487805,9.0,3.364447649071614,5.1074662473084,27.82642945504547,-82.6089587976293
88441a8143fffff,417,0.4844124700239808,0.026378896882494004,9.0,5.424785042703152,7.21022323743872,27.83447175288729,-82.6114997564337
88441a8145fffff,31,0.3870967741935484,0.06451612903225806,9.0,3.2442401048044367,6.5164384489096,27.82344765425623,-82.59969901704622
88441a8149fffff,368,0.7635869565217391,0.005434782608695652,9.0,4.183785576423009,6.244253396128857,27.820374744315686,-82.61159483933073
88441a814bfffff,136,0.47058823529411764,0.007352941176470588,9.0,5.874208640952905,7.893581327522249,27.82857039885153,-82.61307722118782
88441a814dfffff,632,0.7674050632911392,0.03164556962025317,9.0,3.0910474786659083,4.8,27.81959497120756,-82.60336417248502
88441a8151fffff,255,0.09803921568627451,0.027450980392156862,9.0,5.673630416989327,8.611350396777187,27.844826359033757,-82.62370400721663
88441a8153fffff,204,0.23039215686274508,0.049019607843137254,9.0,5.600067716141542,9.084733815920908,27.850275626765672,-82.62865932863198
88441a8155fffff,75,0.09333333333333334,0.04,9.0,6.892567995587985,9.2,27.840977664478967,-82.61515192907214
88441a8157fffff,2,0.0,0.0,10.0,4.016637121637663,9.993759410716173,27.846041238140906,-82.61835623727376
88441a8159fffff,438,0.8858447488584474,0.00228310502283105,9.0,4.622150853425264,6.537187845556858,27.837159394690715,-82.63025814201218
88441a815bfffff,336,0.8541666666666666,0.017857142857142856,9.0,4.1143738770981635,5.981688248579927,27.844310006225935,-82.63331089459193
88441a815dfffff,51,0.0,0.0392156862745098,9.0,7.0854574704170235,8.919140199948432,27.838068430999854,-82.61745132630126
88441a81c1fffff,93,0.10752688172043011,0.053763440860215055,9.0,6.97275016228358,10.0,27.877943013047545,-82.63474528540597
88441a81c5fffff,44,0.022727272727272728,0.022727272727272728,10.0,7.470955606102944,9.683636732269875,27.876319972344437,-82.62561976630717
88441a81c9fffff,112,0.08035714285714286,0.0,9.0,6.397269836813212,11.121621014876482,27.87419649530238,-82.63936849336342
88441a81cbfffff,159,0.20754716981132076,0.0,10.0,5.762406742771467,8.817172412101646,27.879056240968897,-82.64326545686518
88441a81cdfffff,344,0.5116279069767442,0.13372093023255813,9.0,5.166617661416531,7.699605587638077,27.87284723325182,-82.62990119568616
88441a81d9fffff,67,0.05970149253731343,0.22388059701492538,10.0,7.620645879705747,14.564569862537846,27.887626314466793,-82.65871529648975
88441a81dbfffff,85,0.24705882352941178,0.0,10.0,6.7768280529975895,10.233191661335951,27.897046918075556,-82.66192343266685
88441a8211fffff,53,0.0,0.33962264150943394,20.0,19.88655559738477,20.993297874558422,27.81717107655675,-82.71322050870197
88441a8213fffff,274,0.0,0.45985401459854014,16.0,15.602908974289896,16.857711324451543,27.827685149069843,-82.71640310430348
88441a8217fffff,191,0.010471204188481676,0.19895287958115182,17.0,15.92897623538971,17.083061616190264,27.828692076066602,-82.70948527886026
88441a8219fffff,189,0.010582010582010581,0.026455026455026454,18.52873003343542,17.94171624739965,19.2,27.81326432075219,-82.71563167131372
88441a821bfffff,105,0.009523809523809525,0.5047619047619047,15.0,14.734794090191524,16.062986326337747,27.823694402297235,-82.72171438741901
88441a821dfffff,39,0.0,0.07692307692307693,20.0,19.22570567329725,20.344519063354976,27.81288137112676,-82.71197165470623
88441a8221fffff,34,0.11764705882352941,0.08823529411764706,45.36459879988557,44.10771186510722,46.02661759551113,27.809776716509635,-82.67373935947126
88441a8223fffff,15,0.0,0.06666666666666667,45.128955285853166,44.53830058972041,46.23207860278389,27.816394505386118,-82.6813199042799
88441a8231fffff,7,0.0,0.2857142857142857,26.0,24.90815552632014,27.204202661565247,27.827612144840703,-82.68903996975402
88441a8233fffff,134,0.0,0.6940298507462687,16.0,16.0596126161019,17.464239234517983,27.835136886150337,-82.69434957140426
88441a8237fffff,40,0.0,0.5,16.0,16.377660643657048,18.001106138690496,27.833302473068965,-82.68384142094735
88441a823dfffff,13,0.0,0.0,45.02652025172948,44.383297534783686,45.89013179432635,27.816758416036286,-82.6828698313619
88441a8251fffff,477,0.03773584905660377,0.03563941299790356,17.9,16.799826513528824,18.01,27.799183511246888,-82.71799234605157
88441a8253fffff,159,0.018867924528301886,0.05660377358490566,16.765223829947445,15.764292529424033,16.940132886693235,27.804180619599318,-82.7210635669578
88441a8255fffff,132,0.015151515151515152,0.015151515151515152,18.355495325472276,17.49944675664107,18.628245326875152,27.7979261113413,-82.71279346345813
88441a8257fffff,134,0.17164179104477612,0.029850746268656716,17.860969718234053,16.023710667093596,17.25828679529716,27.803816740173637,-82.71537699373025
88441a8259fffff,233,0.012875536480686695,0.06437768240343347,19.0,17.890906909306846,19.13330165904675,27.791342945556575,-82.7215970127668
88441a825bfffff,22,0.0,0.2727272727272727,18.028864654706993,17.39409693102042,18.67692625791439,27.79833285138585,-82.72314661301529
88441a825dfffff,205,0.024390243902439025,0.01951219512195122,19.0,17.78914743502935,19.022879784620955,27.790921749611766,-82.71525310386177
88441a8281fffff,15,0.0,0.5333333333333333,13.0,13.652920325199764,16.88150181569037,27.85634820689138,-82.72391962464737
88441a8285fffff,109,0.0,0.5137614678899083,11.5,11.404864462216695,12.628691654671652,27.856288169157533,-82.71311664559029
88441a8287fffff,3,0.0,1.0,14.0,15.468558652798336,16.79204326798414,27.862751111337413,-82.71874114825597
88441a8289fffff,69,0.014492753623188406,0.028985507246376812,10.515161571248312,9.418195563554765,10.730483803070074,27.848026538826822,-82.72773351877704
88441a828dfffff,21,0.0,0.19047619047619047,11.1433795085426,10.464831477204958,12.990093695920367,27.85068052301488,-82.72065739253901
88441a8295fffff,60,0.3333333333333333,0.0,10.0,7.6007018299897515,9.020162349552747,27.871078732624813,-82.72753061831912
88441a829dfffff,116,0.5086206896551724,0.10344827586206896,10.0,6.573846483826637,8.814341372437509,27.863031028757455,-82.73606731480734
88441a82a1fffff,184,0.0,0.5869565217391305,12.0,11.933749419152736,13.586320711807478,27.86287396453408,-82.70305451754435
88441a82a3fffff,3,0.0,0.3333333333333333,14.0,13.380693472226461,15.60469098529781,27.867710525019252,-82.70758566935966
88441a82a5fffff,74,0.0,0.9864864864864865,11.0,11.368222932120165,13.041703473083103,27.861715054742994,-82.69247640236809
88441a82a9fffff,155,0.0064516129032258064,0.7483870967741936,12.0,12.267327085137367,13.653519734623364,27.857085950097655,-82.70553208863869
88441a82abfffff,164,0.006097560975609756,0.6036585365853658,14.0,13.430705736676853,14.92663234783495,27.863491393816446,-82.7082774593395
88441a82adfffff,9,0.0,0.6666666666666666,12.0,12.346710613767307,13.896159677301242,27.85594380013903,-82.69707227024892
88441a82b1fffff,59,0.2542372881355932,0.05084745762711865,10.0,7.156336794296901,9.50430525946959,27.87639748524304,-82.71739114297411
88441a82b9fffff,188,0.32978723404255317,0.031914893617021274,10.0,7.4574824020266535,9.398236470428365,27.87374362122926,-82.72343454614465
88441a82c1fffff,9,0.0,0.8888888888888888,15.0,15.347746067841848,16.724926517904745,27.834036617020033,-82.72513238632403
88441a82c3fffff,4,0.0,0.5,10.107307166652223,9.569118602673214,11.54491570914352,27.844712716864287,-82.73236285449556
88441a82c5fffff,38,0.0,0.23684210526315788,15.0,14.633442148168882,15.87053629194049,27.83253553080045,-82.71858042560376
88441a82c7fffff,102,0.0,0.18627450980392157,13.784614925851137,12.760226787527403,14.5,27.842400970386993,-82.72356497245646
88441a82cbfffff,96,0.041666666666666664,0.25,10.0,9.058370004395645,10.60440411924905,27.834401464372927,-82.73900482492745
88441a82cdfffff,96,0.010416666666666666,0.20833333333333334,14.289758094147352,13.798849725325903,15.4652425204527,27.828832192183587,-82.72369818468079
88441a82d1fffff,78,0.2564102564102564,0.02564102564102564,10.0,7.4905633048216504,10.485203291483305,27.851852441952207,-82.74708562490838
88441a82d5fffff,210,0.009523809523809525,0.047619047619047616,10.084871468419365,8.196655566891035,10.317555578341597,27.849530026945775,-82.73526430129611
88441a82d7fffff,50,0.0,0.16,10.0,8.520663655896982,11.202405720943714,27.859616757794573,-82.74104662789216
88441a82d9fffff,136,0.25,0.08088235294117647,10.0,8.16051973660787,10.794903771185798,27.844734046033793,-82.75194005645363
88441a82ddfffff,4,0.0,0.0,10.0,9.253397263586521,11.067900379897333,27.848272667145018,-82.74080914403575
88441a82e1fffff,84,0.0,0.7142857142857143,13.0,14.363911578655244,15.911318125207245,27.843041825330292,-82.70713029608591
88441a82e3fffff,61,0.0,0.7868852459016393,13.0,12.946842142939568,14.339122926719352,27.84655655585734,-82.7099543504546
88441a82e5fffff,113,0.0,0.6106194690265486,15.0,15.065190892616908,16.439331523080586,27.840831490406746,-82.69674142118724
88441a82e7fffff,65,0.0,0.8769230769230769,14.0,13.719846351544064,14.9,27.847311687137527,-82.70131063928402
88441a82e9fffff,141,0.0,0.14184397163120568,15.917424523388204,15.478547495206199,16.8199293230102,27.832123777271867,-82.71094657848535
88441a82ebfffff,47,0.0,0.723404255319149,13.0,13.101317987243336,14.91,27.84476681317202,-82.71347438858888
88441a82edfffff,58,0.017241379310344827,0.41379310344827586,16.0,15.389462195833525,16.825783198925805,27.83571339298968,-82.70400276406643
88441a8301fffff,158,0.35443037974683544,0.10126582278481013,9.0,6.387504511376223,8.530193473066348,27.79976775294069,-82.6344191826927
88441a8303fffff,60,0.0,0.26666666666666666,8.0,7.612404106954734,9.000509853270508,27.810012952763657,-82.63623935906918
88441a8305fffff,203,0.5615763546798029,0.04926108374384237,9.0,4.472504188120365,6.817431217076231,27.80005528165587,-82.62687153355373
88441a8307fffff,608,0.6661184210526315,0.023026315789473683,9.0,5.898100317170223,7.36654117122418,27.80766167458456,-82.63045129577101
88441a830dfffff,164,0.3048780487804878,0.054878048780487805,9.0,4.9446946422755715,8.221403667283383,27.79367711605742,-82.63036957660555
88441a8315fffff,60,0.016666666666666666,0.36666666666666664,8.0,7.367402129471303,8.868490790932084,27.817801557527297,-82.64130436026235
88441a8317fffff,357,0.24929971988795518,0.10644257703081232,8.0,6.5484691921869915,7.903704937874858,27.824132662054986,-82.64536506479732
88441a8321fffff,271,0.8597785977859779,0.01107011070110701,9.0,5.106980282962322,6.896299528397757,27.80669407074304,-82.61317390488848
88441a8323fffff,314,0.4554140127388535,0.025477707006369428,9.0,5.454647535781066,8.228105806848374,27.81388764805354,-82.61681147201378
88441a8325fffff,358,0.8268156424581006,0.027932960893854747,9.0,3.160024463882049,4.731312503054068,27.806827580062443,-82.60521888581113
88441a8327fffff,507,0.9191321499013807,0.013806706114398421,9.0,3.5468580303589503,5.099000189373165,27.81289711845004,-82.60794326102227
88441a8329fffff,168,0.4880952380952381,0.06547619047619048,9.0,4.946216434985399,7.461857913407583,27.798522209770887,-82.61676529963427
88441a832bfffff,488,0.8524590163934426,0.014344262295081968,9.0,5.4581539949278035,6.989541972757862,27.807469729354274,-82.62195972659012
88441a832dfffff,208,0.5576923076923077,0.0673076923076923,9.0,5.213318041861058,6.886529482209257,27.799148520154834,-82.61041058511256
88441a8331fffff,428,0.6378504672897196,0.004672897196261682,9.0,5.623737048705419,7.146882378776045,27.822343795392317,-82.62957370420288
88441a8333fffff,512,0.626953125,0.021484375,9.0,5.843871149867773,7.45233738870904,27.82959145712364,-82.63346635487419
88441a8335fffff,93,0.10752688172043011,0.0,9.0,6.440758651892344,8.585272084124878,27.818572955685557,-82.62267915371059
88441a8337fffff,183,0.8743169398907104,0.01092896174863388,9.0,4.354136014481385,5.915205293850155,27.826769596736767,-82.62581376217497
88441a8339fffff,385,0.42077922077922075,0.046753246753246755,9.0,5.51438503732284,7.40234163266352,27.81471828751684,-82.63465401348861
88441a833bfffff,298,0.40268456375838924,0.06711409395973154,8.0,5.92084448893865,7.32848383263172,27.823620678855008,-82.63882087468042
88441a833dfffff,445,0.5370786516853933,0.0044943820224719105,9.0,5.663745217621327,7.715026942701244,27.8139077607746,-82.62563466304078
88441a8345fffff,6,0.0,0.16666666666666666,9.0,7.410946677128474,14.232985959846808,27.7772931211491,-82.62969826692087
88441a8361fffff,4,0.5,0.25,10.0,6.07342523003618,9.610664606364292,27.789297261448855,-82.6188617297176
88441a8363fffff,300,0.48333333333333334,0.03333333333333333,9.0,4.956787047286829,7.368051918941223,27.792913582512885,-82.62269605536805
88441a8367fffff,279,0.5304659498207885,0.053763440860215055,9.0,5.003027096192042,6.938676796830443,27.793172343964468,-82.61412479694577
88441a8369fffff,7,0.0,0.0,9.0,6.936220097343127,14.08022648976688,27.77837731636547,-82.62759324750303
88441a836bfffff,158,0.17721518987341772,0.056962025316455694,9.0,5.737822418163221,8.315953255690768,27.78678955170978,-82.62596872530483
88441a8401fffff,5,0.0,0.2,20.0,18.551916404565176,22.488328985783816,27.96385354004621,-82.78162682395198
88441a8403fffff,17,0.058823529411764705,0.0,18.44231998966381,15.771044580141703,18.77133115978048,27.966943261246527,-82.78101160998132
88441a8405fffff,1,0.0,0.0,61.0,59.49852024714152,61.45043000394012,27.9583405,-82.76766179999998
88441a8407fffff,35,0.11428571428571428,0.22857142857142856,55.0,48.22465120077133,54.344362068719505,27.97160057424736,-82.7728085254944
88441a8409fffff,110,0.0,0.17272727272727273,23.774736646703584,23.180171050826708,25.11904328592299,27.955310114148133,-82.78211524550142
88441a840bfffff,18,0.05555555555555555,0.0,20.0,17.775476722518604,19.623145626364654,27.963251127890754,-82.7829585170114
88441a840dfffff,57,0.2631578947368421,0.03508771929824561,29.525957295706732,27.473312158584598,30.03371051856527,27.953046401381282,-82.77419246606485
88441a8411fffff,59,0.0,0.8305084745762712,21.0,21.048219641049705,22.8,27.97601979464601,-82.79388247974397
88441a8413fffff,107,0.5233644859813084,0.06542056074766354,10.0,5.026390192906062,7.3,27.986795473980134,-82.79716412590578
88441a8415fffff,49,0.2857142857142857,0.1836734693877551,9.0,6.624602631529172,9.044434953997667,27.979130056073423,-82.78365315318538
88441a8417fffff,66,0.3333333333333333,0.13636363636363635,9.0,5.180960684816043,8.781901475919788,27.98583932342838,-82.79094316496086
88441a8419fffff,8,0.125,0.125,10.5,1.6689307246853908,10.69750704578448,27.97238066635834,-82.80117007948374
88441a841bfffff,5,0.0,0.4,13.0,10.254283575018247,14.954045114260447,27.979225748211594,-82.79942374267206
88441a841dfffff,43,0.0,0.46511627906976744,24.0,23.06354564468066,25.008225859274145,27.971482864495567,-82.79066485951395
88441a8423fffff,1,0.0,1.0,68.0,68.49068112214407,74.86411244056781,27.973718455386393,-82.76165146222861
88441a842bfffff,1,0.0,0.0,68.0,66.71833977222443,71.36910274906614,27.97233129087275,-82.76180043863091
88441a8431fffff,8,0.0,0.75,26.891787177580582,27.48081669688225,29.198619079853948,27.981844331140483,-82.77474594403094
88441a8433fffff,100,0.14,0.05,16.0,15.39592795709769,17.145268241650662,27.993355164954913,-82.77549670520912
88441a8435fffff,16,0.125,0.25,53.0,51.325762027502066,53.77414688667922,27.984834541450933,-82.76116739649835
88441a8437fffff,4,0.0,1.0,28.0,28.1210788110892,31.662246326377584,27.992447203305503,-82.76906620464963
88441a8439fffff,25,0.04,0.16,24.128803519268768,20.742748794158302,22.80963087384422,27.97974598941315,-82.7773419781868
88441a843dfffff,16,0.0,0.875,67.0,66.20825331608455,68.59567355409543,27.9758857381449,-82.76814417518258
88441a8441fffff,49,0.08163265306122448,0.20408163265306123,39.45339613132645,37.53159618536632,39.27431320911388,27.942816108099304,-82.78094910315909
88441a8443fffff,11,0.09090909090909091,0.18181818181818182,40.0,38.33384806871415,40.457097637234824,27.951424561087876,-82.79092584984734
88441a8445fffff,12,0.08333333333333333,0.4166666666666667,47.0,44.83360112110773,46.23689158573504,27.938311713732435,-82.7769471793843
88441a8447fffff,112,0.03571428571428571,0.0625,30.79893821744713,28.39275498708089,30.0932451980012,27.949880529547276,-82.77956407037358
88441a8449fffff,3,0.0,1.0,62.0,62.077115275065104,65.82091207129695,27.935396126826678,-82.78947997144765
88441a844bfffff,7,0.0,0.2857142857142857,50.0,48.24378096818924,49.71700217462972,27.94175365590409,-82.79551328882756
88441a844dfffff,32,0.0,0.15625,42.0,41.08806837876638,42.626394678234504,27.937070806102945,-82.77884129621366
88441a8453fffff,1,0.0,0.0,9.0,8.03427782078584,17.157404029094838,27.96077532258431,-82.80408044517057
88441a8455fffff,6,0.0,0.0,39.0,37.13969251871109,40.97283979286811,27.952715665847293,-82.79076710445725
88441a8459fffff,3,0.0,0.0,9.0,5.8569913809498155,10.258982240760323,27.950350494394712,-82.80859781463995
88441a845bfffff,11,0.2727272727272727,0.0,10.0,3.289261663556099,6.937289033128671,27.957353616562457,-82.80545371099491
88441a845dfffff,14,0.0,0.42857142857142855,43.0,41.533971242507306,44.20391054153864,27.949278308253675,-82.79388899572068
88441a8463fffff,95,0.010526315789473684,0.17894736842105263,32.0,31.105023723443352,32.51629602356325,27.953491073859194,-82.76618133522886
88441a846bfffff,62,0.04838709677419355,0.3387096774193548,35.0,33.32905160983404,35.05369963440858,27.949136285452973,-82.7683188514986
88441a846dfffff,79,0.3291139240506329,0.25316455696202533,9.0,6.242855982780457,8.55362660653034,27.93774043686556,-82.75692685275399
88441a84a3fffff,162,0.5370370370370371,0.09259259259259259,9.0,6.073890645951034,8.128730800459925,28.030691229078517,-82.78730458210816
88441a84a7fffff,4,0.0,0.0,9.0,8.004257320960363,9.70408575615584,28.03219642917252,-82.77678996370267
88441a84a9fffff,27,0.037037037037037035,0.18518518518518517,9.0,6.910109091202418,11.448875409988698,28.016159430423222,-82.79038255894238
88441a84abfffff,68,0.16176470588235295,0.2647058823529412,10.0,5.074995063096285,14.802717142209968,28.022789270272057,-82.79038032087256
88441a84b5fffff,127,0.7637795275590551,0.031496062992125984,10.0,4.456766481399536,6.295235545631296,28.035487062274928,-82.78771113477772
88441a84bdfffff,2,0.5,0.0,12.0,5.163894196103017,12.475229327441543,28.027111709562124,-82.79103697833472
88441a84c9fffff,175,0.6514285714285715,0.03428571428571429,9.0,5.420915832916896,7.727195929312055,27.986854226771595,-82.81694082039033
88441a84cbfffff,140,0.40714285714285714,0.07857142857142857,9.0,5.63087179645896,8.300231859649283,27.99363588659171,-82.81955816494548
88441a84d1fffff,13,0.3076923076923077,0.3076923076923077,10.0,4.0669169024626415,15.32023746211648,28.008056996921628,-82.82711346626567
88441a84ddfffff,224,0.7723214285714286,0.026785714285714284,9.0,3.4874645063777767,5.502179435299956,28.000972328635413,-82.82527673494758
88441a84e1fffff,23,0.0,0.043478260869565216,9.0,7.8231088425715765,9.429583026221051,28.000791792023254,-82.79142717524
88441a84e3fffff,156,0.28846153846153844,0.10897435897435898,9.0,6.836787311534088,8.963928317269284,28.007821075144694,-82.79058890114379
88441a84e9fffff,67,0.26865671641791045,0.08955223880597014,9.0,6.873886435429256,9.070305124564191,27.99314853637106,-82.79360152057107
88441a84ebfffff,9,0.1111111111111111,0.3333333333333333,10.0,7.88252407292525,11.271980790884701,27.999158326519673,-82.79342199669232
88441a84edfffff,108,0.07407407407407407,0.12962962962962962,21.0,18.070853128433228,19.955037853316043,27.993485845762418,-82.78470933462133
88441a8501fffff,1,0.0,0.0,11.0,7.778819238344829,12.452889119709173,27.957846374197572,-82.71854614175874
88441a8505fffff,19,0.05263157894736842,0.0,11.0,5.8050486182173096,8.219243946221003,27.961363559016,-82.7079479802795
88441a8509fffff,58,0.41379310344827586,0.08620689655172414,10.0,7.707540595432123,9.843587936882018,27.950231190954817,-82.72488324792639
88441a8511fffff,19,0.0,0.21052631578947367,25.70830433356874,26.000720559755962,30.27201290003884,27.975104543777373,-82.73465007871403
88441a8515fffff,121,0.0,0.10743801652892562,19.46630833645807,19.902841243346533,23.033011285570463,27.97245773183208,-82.72475690897598
88441a8517fffff,20,0.0,0.2,36.29386887899854,42.13320322831472,45.23607250734426,27.9813741099694,-82.7261705263299
88441a8519fffff,7,0.0,0.42857142857142855,33.70678588623596,33.42371173143387,34.74615157038663,27.970734367986505,-82.7381039585274
88441a851bfffff,23,0.0,0.30434782608695654,26.860326495189575,27.18300526618958,29.27955357115731,27.9740819578834,-82.738776826489
88441a851dfffff,1,0.0,0.0,20.0,19.560686235825223,23.704398437861375,27.9690973940087,-82.72525388366321
88441a8523fffff,7,0.14285714285714285,0.0,11.0,6.785598209698995,11.01816195304308,27.971519026947867,-82.70043749196063
88441a852bfffff,89,0.3707865168539326,0.14606741573033707,11.0,6.620847233533859,10.833916519360859,27.964654727240735,-82.7056837225086
88441a8531fffff,1,0.0,0.0,12.398400743331088,7.414453331828118,15.010686428070365,27.97772950590677,-82.71090137725908
88441a8535fffff,1,0.0,0.0,10.0,8.504099151492118,10.509970603408506,27.978667225248753,-82.69786184330765
88441a8537fffff,39,0.0,0.9230769230769231,19.78453479058399,22.467040448586147,25.39430340119998,27.987676658202272,-82.7067100986804
88441a853dfffff,2,0.0,0.0,11.0,7.948180569807688,10.532026905010046,27.97004896558407,-82.70291305660277
88441a8541fffff,96,0.65625,0.010416666666666666,10.0,6.100542160322269,7.734386626310506,27.93695797509949,-82.72219464629853
88441a8543fffff,375,0.784,0.016,10.0,5.103667616744836,6.911125074804338,27.94318381196525,-82.72507451153663
88441a8547fffff,56,0.8928571428571429,0.03571428571428571,11.0,5.001174232413372,7.116402710596294,27.942760407042773,-82.72141807366813
88441a8549fffff,48,0.3333333333333333,0.0,10.0,6.975143338739873,8.906620406908372,27.933205024582744,-82.72531896091934
88441a854bfffff,50,0.06,0.2,10.0,8.849281709094843,13.041377968846856,27.93833822374725,-82.73089288362301
88441a854dfffff,131,0.06870229007633588,0.015267175572519083,10.0,8.867613229552905,10.094624207783141,27.930287277441238,-82.71583809024155
88441a8555fffff,9,0.0,0.7777777777777778,10.0,7.929238533178966,11.211375618271855,27.950600811984057,-82.7262070388488
88441a8559fffff,17,0.0,0.058823529411764705,9.0,8.134649651646615,9.812478486165261,27.94278894071577,-82.74329049822339
88441a858bfffff,7,0.0,0.42857142857142855,47.0,46.39236428101858,48.104416366438805,28.01319610506974,-82.75469957629684
88441a8595fffff,80,0.0,0.075,39.03544822107972,38.23314614454905,39.592742732294816,28.02786771485509,-82.75331207289291
88441a8597fffff,55,0.0,0.09090909090909091,37.14148826233723,36.180575916767125,37.74620094643215,28.032134596968852,-82.75308795716954
88441a859dfffff,46,0.0,0.2826086956521739,44.162275947557866,43.18978496273358,44.590197768556756,28.01935915828766,-82.75351029381768
88441a85c5fffff,17,0.0,0.4117647058823529,57.281917971324354,56.75184358596802,58.0264907929723,27.988350163308347,-82.73997217662911
88441a85cbfffff,21,0.09523809523809523,0.047619047619047616,53.0,50.72827593803406,52.49896627565985,27.988217274383526,-82.76044762496001
88441a85cdfffff,10,0.0,0.3,37.6036268323992,37.424742949008944,40.06872522793422,27.981732117774715,-82.7437119671223
88441a85d5fffff,2,0.0,1.0,47.0,46.456552566687265,49.625192261228314,28.007173869263056,-82.75825572947045
88441a85d7fffff,16,0.0,0.75,47.0,47.08122363885244,49.9043691314705,28.012806727146195,-82.7587102112567
88441a85e1fffff,1,0.0,1.0,85.82260222169486,87.51673353672028,88.75,27.99847997843401,-82.72506455330011
88441a85e7fffff,6,0.0,0.3333333333333333,87.60574109592785,87.00715082486471,89.54857889899671,27.999859328178616,-82.72414632846049
88441a85edfffff,88,0.011363636363636364,0.36363636363636365,54.57822714011361,54.30334286610286,56.021902020838944,27.986742348948916,-82.7230933389631
88441a8609fffff,37,0.13513513513513514,0.43243243243243246,8.0,6.291691409846147,9.278517583600001,27.906877752192496,-82.81858937734415
88441a8611fffff,12,0.16666666666666666,0.16666666666666666,10.0,3.886516805042824,8.378810185134421,27.929299820822123,-82.82770779266117
88441a8613fffff,122,0.07377049180327869,0.09016393442622951,9.0,4.7536818886796635,13.895592431277702,27.938627581356457,-82.83471687448255
88441a8615fffff,37,0.35135135135135137,0.10810810810810811,9.0,3.8289341009656592,10.07974510912442,27.927004137638125,-82.82152036869073
88441a8619fffff,9,0.2222222222222222,0.4444444444444444,9.0,5.801574034194152,8.175617282684414,27.9257286805407,-82.83609111583361
88441a861bfffff,259,0.4555984555984556,0.10038610038610038,9.0,5.3408490424354875,7.562786052146499,27.930756693675956,-82.837478583841
88441a861dfffff,84,0.4880952380952381,0.16666666666666666,9.0,3.9722667540609837,5.890918050870596,27.924506154794614,-82.82422363685453
88441a8633fffff,13,0.15384615384615385,0.15384615384615385,9.0,6.406108632584413,9.691348156962032,27.945352820146198,-82.81114894613764
88441a8637fffff,19,0.05263157894736842,0.15789473684210525,45.0,43.85271713415782,45.76727141395598,27.943103957264366,-82.79692339805081
88441a8643fffff,62,0.5161290322580645,0.20967741935483872,9.0,4.9781907038887345,7.2175459621640705,27.90247032453173,-82.82357406979928
88441a8651fffff,150,0.5266666666666666,0.14666666666666667,9.0,5.381044355481864,7.189443363285976,27.907482454218073,-82.83376522194129
88441a8653fffff,19,0.3684210526315789,0.10526315789473684,9.0,3.536595804989338,8.599364542351239,27.916887291706153,-82.8414786048402
88441a8655fffff,6,0.16666666666666666,0.3333333333333333,8.5,5.139344875464837,13.681550584579805,27.907844004567607,-82.8251598164373
88441a8657fffff,95,0.7052631578947368,0.05263157894736842,9.0,5.119729941288631,6.701357315345449,27.913525667184217,-82.82868679124404
88441a8659fffff,166,0.7349397590361446,0.06626506024096386,9.0,4.600504124561946,6.341937879522112,27.902323148404996,-82.83954771319057
88441a865bfffff,269,0.587360594795539,0.06319702602230483,8.0,4.06161937425534,6.370830526740173,27.908435521699996,-82.84312862889826
88441a865dfffff,280,0.6571428571428571,0.07857142857142857,9.0,5.079834801952044,6.44580698142959,27.900883374292437,-82.83007696590228
88441a8685fffff,8,0.125,0.125,9.0,5.084558773487807,13.499543403832854,27.96852239482208,-82.82791132373524
88441a86a1fffff,37,0.7027027027027027,0.02702702702702703,9.0,4.537916243871053,6.438216453859276,27.974764171280235,-82.8146438941317
88441a86a3fffff,161,0.2795031055900621,0.049689440993788817,9.0,4.40970041702191,12.285214559838089,27.980239705983955,-82.81839447569507
88441a86a5fffff,17,0.9411764705882353,0.0,10.0,4.144572916726272,5.848713362881235,27.974481572128965,-82.81092072610687
88441a86a7fffff,189,0.783068783068783,0.042328042328042326,9.0,4.465893717706204,6.01217116975562,27.97915783241707,-82.81284719900033
88441a86a9fffff,80,0.2875,0.1,9.0,4.6139785019556685,10.480906401042656,27.96782664356237,-82.82230792646222
88441a86abfffff,144,0.4652777777777778,0.11805555555555555,9.0,4.2431435097754004,7.675211339437963,27.97189282236759,-82.825078964659
88441a86b5fffff,239,0.5355648535564853,0.03765690376569038,9.0,4.455600986083349,7.025239331806085,27.989131487634303,-82.82542911038077
88441a86b7fffff,331,0.7250755287009063,0.06042296072507553,9.0,4.128761291007201,6.033716359863271,27.995271182485936,-82.82621411176815
88441a86bdfffff,22,0.5909090909090909,0.0,9.0,4.578142258723577,6.5508073278848755,27.981032196529096,-82.82596785768423
88441a86c5fffff,33,0.45454545454545453,0.030303030303030304,9.0,4.9351976154247925,6.611126720595309,27.945331274754064,-82.83482146244211
88441a86cdfffff,81,0.18518518518518517,0.1111111111111111,9.0,4.6763199859857565,10.452707582513636,27.936871338857195,-82.83794623984906
88441a86e5fffff,2,0.0,0.0,9.5,5.040147144248088,12.993478985509594,27.948096055649366,-82.81006349349062
88441a86ebfffff,40,0.325,0.1,9.0,5.405337110708158,7.892882804291077,27.951421363678897,-82.83136295115192
88441a86edfffff,30,0.0,0.5,9.0,7.064592366516591,16.8579354939464,27.943990014540855,-82.81583746221938
88441a8703fffff,1,0.0,1.0,9.0,6.00861997495095,11.59287830756831,27.921610562713372,-82.75554282091952
88441a8715fffff,98,0.25510204081632654,0.2857142857142857,9.0,7.538186303873857,9.136521024747726,27.92680271293608,-82.75567854070148
88441a8717fffff,36,0.4444444444444444,0.1388888888888889,9.0,6.2605458941559,8.267162531288388,27.933718131870442,-82.75874391815142
88441a8719fffff,11,0.0,0.2727272727272727,9.0,8.502343868613243,9.92205071385299,27.91521319746722,-82.77084187010124
88441a8725fffff,3,0.0,0.3333333333333333,10.0,8.70514161805312,10.771749800291529,27.919473991551715,-82.71906014495086
88441a8727fffff,23,0.08695652173913043,0.30434782608695654,10.0,6.873513320485751,10.958296645199013,27.922016657873247,-82.71963168525838
88441a872dfffff,1,0.0,1.0,10.0,13.75365979552269,23.200095551957922,27.91264835835017,-82.72494360776571
88441a8731fffff,123,0.4146341463414634,0.07317073170731707,10.0,7.426431338389715,9.4,27.93038923976105,-82.74468012993917
88441a8733fffff,35,0.0,0.45714285714285713,9.0,8.32379859050115,10.37422143349443,27.93771729250081,-82.74935562054445
88441a8735fffff,74,0.44594594594594594,0.06756756756756757,10.0,6.413197425405185,8.922318386777581,27.932405732127176,-82.73747417251748
88441a8737fffff,243,0.39094650205761317,0.09465020576131687,9.0,6.993628954887391,8.798244097011194,27.937433057393065,-82.7401709462574
88441a8739fffff,167,0.6706586826347305,0.07784431137724551,9.0,5.956611506442229,7.468563772245788,27.92628580233437,-82.74966445410197
88441a873bfffff,157,0.5668789808917197,0.03184713375796178,9.0,5.71326038658619,7.584158917249281,27.931753756017887,-82.75403031594772
88441a873dfffff,15,0.13333333333333333,0.13333333333333333,10.0,7.808628541032474,9.98024398197916,27.927146131633894,-82.74284742250371
88441a8751fffff,76,0.09210526315789473,0.10526315789473684,9.0,7.418659283717474,8.90839569219132,27.90491559274036,-82.77314747074001
88441a8753fffff,7,0.0,0.14285714285714285,9.0,6.789298070669175,8.953795237200493,27.909812565323666,-82.77421539456229
88441a8757fffff,34,0.058823529411764705,0.08823529411764706,9.0,7.518206663529078,9.378537729350084,27.913619171671765,-82.76991570020684
88441a8759fffff,47,0.0851063829787234,0.0851063829787234,9.0,7.2503914841016135,8.831101491944542,27.89354672361917,-82.77689464040972
88441a8c1bfffff,1,1.0,0.0,12.0,4.800189453959465,6.448578482210942,28.0223096,-82.64906615
88441a8cc1fffff,76,0.39473684210526316,0.0,12.0,7.863029794891675,10.497723042369449,28.032528340171517,-82.65528948757441
88441a8cc5fffff,2,0.5,0.0,11.0,8.480296451846758,10.350201609031739,28.031835029566686,-82.64888515268609
88441a8cc9fffff,121,0.7272727272727273,0.024793388429752067,12.0,5.195624414980411,6.5,28.0284793945966,-82.66211457743226
88441a8ccbfffff,335,0.5194029850746269,0.03880597014925373,11.0,7.654645490050316,9.792384100092784,28.03443040172543,-82.66423027130072
88441a8ccdfffff,66,0.15151515151515152,0.030303030303030304,12.0,6.429098027696212,10.944567518346815,28.02783055660257,-82.65091540821477
88441a8cd9fffff,14,0.0,0.0,11.0,8.15000524799029,12.758788958655778,28.041577036214562,-82.67969820281928
88441a8cddfffff,80,0.0,0.1625,11.0,10.662253868381184,14.072763750558282,28.04227672485655,-82.66807486066055
88441a8e81fffff,4,0.0,0.0,11.0,7.370394088923931,14.614822373407282,28.00429700072207,-82.68080051598635
88441a8e83fffff,29,0.20689655172413793,0.10344827586206896,12.0,7.000593767166138,11.571230833010231,28.01741155625691,-82.68595919293219
88441a8e8dfffff,14,0.07142857142857142,0.0,11.0,9.102396003305913,11.714966612208462,28.001525786098906,-82.68068869507077
88441a8e95fffff,101,0.2079207920792079,0.12871287128712872,12.0,7.690343281825384,11.345941591767005,28.021888608415395,-82.68914532756347
88441a8e97fffff,15,0.4,0.13333333333333333,13.0,4.950735467076302,10.352836235918588,28.03064067800006,-82.69381196034456
88441a8ea1fffff,139,0.8201438848920863,0.007194244604316547,12.0,8.01562520245711,9.74184316713094,28.014163631475125,-82.66300049059296
88441a8ea3fffff,227,0.7929515418502202,0.00881057268722467,12.0,5.457193243503571,7.828918258037718,28.020127800110952,-82.66371045859182
88441a8ea7fffff,51,0.1568627450980392,0.0,12.0,7.868194738229116,11.352660431331307,28.0203033625247,-82.6585909269147
88441a8eabfffff,59,0.6779661016949152,0.01694915254237288,12.0,5.237475474476814,9.3,28.015075082972544,-82.6659087834514
88441a8eb3fffff,153,0.35947712418300654,0.006535947712418301,12.0,5.738345522185167,10.091605342229082,28.035498678783398,-82.68164142943434
88441a8eb5fffff,64,0.65625,0.015625,12.0,7.696493420700232,9.415571877087055,28.03034661304989,-82.66638618134827
88441a8eb7fffff,225,0.6311111111111111,0.035555555555555556,12.0,6.755817066629728,9.265805735316366,28.035089524366814,-82.67167227925191
88441a8ebbfffff,45,0.4666666666666667,0.022222222222222223,12.0,7.791182093024254,10.514240414700978,28.03227319749752,-82.68462256693827
88441a8ec1fffff,56,0.35714285714285715,0.125,11.0,6.661937592228254,9.982987318439358,27.98751242311375,-82.69190038728064
88441a8ec3fffff,5,0.0,0.6,10.0,9.965398743351301,12.951933444628578,27.99066414788723,-82.69176655753344
88441a8ec7fffff,1,0.0,0.0,11.0,8.597336430152257,11.766450533244651,27.993537243321363,-82.68622633464354
88441a8ec9fffff,25,0.0,0.08,11.0,6.503390727539857,11.025949311248459,27.979644968560645,-82.69504614058873
88441a8ecbfffff,66,0.6060606060606061,0.07575757575757576,10.0,7.39800342142582,9.015839147918157,27.986026359306432,-82.69402121245858
88441a9003fffff,31,0.0,0.0967741935483871,10.0,5.803554202914238,12.044348178914028,27.710354264184556,-82.7056034755803
88441a9007fffff,171,0.29239766081871343,0.06432748538011696,10.0,5.589409691691399,8.577195640539383,27.71158096412484,-82.69736594122567
88441a900bfffff,26,0.0,0.0,9.0,7.112535681227843,13.042316658235423,27.706592610138486,-82.71290130726783
88441a9015fffff,9,0.0,0.0,10.0,4.752081092596054,9.909071453634448,27.715321876176873,-82.71029989038225
88441a9019fffff,70,0.5571428571428572,0.02857142857142857,10.0,4.5467104535798235,6.289674502854944,27.71261942855314,-82.72551120063464
88441a901bfffff,54,0.8703703703703703,0.0,10.0,4.982776615073284,6.571820006928251,27.717075740156798,-82.72965588783674
88441a901dfffff,53,0.03773584905660377,0.018867924528301886,9.0,6.369833177526792,11.607282269807751,27.71147082451964,-82.7149042894485
88441a9021fffff,29,0.0,0.0,8.0,6.531906252205372,8.337923407247507,27.709075711990046,-82.67726019193337
88441a9023fffff,80,0.2375,0.2,9.0,8.135152613719306,9.279162676677558,27.720075176209008,-82.68451300714172
88441a9025fffff,83,0.1686746987951807,0.1686746987951807,8.0,6.507164898614089,8.358889884901643,27.70717487998531,-82.67377204642321
88441a9027fffff,75,0.08,0.26666666666666666,10.0,6.9150956902901335,11.807050937404245,27.714267868253664,-82.6749679083321
88441a902bfffff,8,0.375,0.0,10.0,-0.4359805826532344,7.308115801179005,27.71062971235768,-82.69309453455212
88441a902dfffff,24,0.5,0.0,10.0,4.452379056413969,7.053707340234809,27.700127824432602,-82.67811897193543
88441a9031fffff,71,0.14084507042253522,0.056338028169014086,10.0,6.448233857254188,11.017811915979754,27.723910888140633,-82.69390348495817
88441a9035fffff,483,0.7536231884057971,0.022774327122153208,10.0,6.059511445264022,7.526232508195424,27.723684810426914,-82.68837811661356
88441a9037fffff,208,0.2548076923076923,0.07211538461538461,10.0,6.663821157813073,10.242899960778038,27.73188598855383,-82.69054005941001
88441a9039fffff,58,0.2413793103448276,0.017241379310344827,10.0,5.895156072626511,8.217824144664291,27.716612263690617,-82.70039872454545
88441a903dfffff,140,0.08571428571428572,0.08571428571428572,10.0,5.663490803291401,12.221690616244178,27.71684700081895,-82.6932961366732
88441a904bfffff,92,0.0,0.22826086956521738,8.0,5.472144436438879,12.601329118870552,27.68249699789856,-82.72016187355158
88441a9051fffff,47,0.5531914893617021,0.06382978723404255,9.0,6.209769213398298,7.9187587836346545,27.696973308554842,-82.72687812491145
88441a9053fffff,342,0.7807017543859649,0.029239766081871343,9.0,5.7335272941490025,7.334386346176254,27.70458167858638,-82.72914589447072
88441a9057fffff,29,0.0,0.06896551724137931,9.0,7.815629335045815,13.602573376279468,27.70590914638041,-82.71902583075284
88441a9059fffff,203,0.059113300492610835,0.35467980295566504,8.0,6.490960993766785,10.205368418559248,27.68982421244771,-82.72782188429906
88441a905bfffff,394,0.5329949238578681,0.08629441624365482,9.0,5.428397882630428,7.509800160181439,27.69840728110306,-82.73413900824336
88441a905dfffff,324,0.07407407407407407,0.12345679012345678,9.0,6.002399045924346,11.226874955859737,27.68883212304914,-82.72170580749457
88441a9067fffff,16,0.4375,0.125,10.0,4.866380201379458,11.074421739435099,27.696294186571038,-82.67802932738145
88441a9081fffff,362,0.6270718232044199,0.04143646408839779,10.0,5.290423183590175,7.45213506666478,27.756537723602435,-82.72934429364706
88441a9083fffff,200,0.69,0.025,10.0,6.193166576176882,7.793775549134905,27.762575956089346,-82.73429873835713
88441a9085fffff,38,0.0,0.2894736842105263,10.0,8.618155383567014,11.118780777017944,27.75399347327245,-82.72367388575333
88441a9087fffff,27,0.2222222222222222,0.25925925925925924,10.0,8.056200083692868,10.259576912991166,27.760377175507983,-82.72797108121027
88441a9089fffff,120,0.9083333333333333,0.008333333333333333,10.0,4.882474401046833,6.015383115903385,27.747241323705065,-82.73532142890863
88441a908bfffff,136,0.7867647058823529,0.007352941176470588,10.0,4.967770276218653,6.2967917497852905,27.756176542319633,-82.73890242935944
88441a908dfffff,227,0.5814977973568282,0.07488986784140969,10.0,5.109109071890513,6.968966726673365,27.748432029042498,-82.72605755841685
88441a9091fffff,255,0.8745098039215686,0.011764705882352941,11.0,5.110475595593453,6.530764608108055,27.770757113552975,-82.74649020340169
88441a9093fffff,54,0.6481481481481481,0.037037037037037035,11.0,5.106259866058827,7.22722443699031,27.779873373380564,-82.74831509134131
88441a9095fffff,35,0.17142857142857143,0.17142857142857143,10.0,8.265696693460146,10.419726957377401,27.768712844219877,-82.74027877893182
88441a9097fffff,24,0.25,0.08333333333333333,10.0,8.304280063907306,9.943932080242078,27.776229051719667,-82.74439524830957
88441a9099fffff,230,0.8043478260869565,0.043478260869565216,11.0,5.008274367302656,6.616006142934079,27.764509457388513,-82.75023299543682
88441a909bfffff,44,0.7727272727272727,0.0,11.0,3.533349626759688,5.5705165884044305,27.770328992028354,-82.75460365910136
88441a909dfffff,197,0.7918781725888325,0.005076142131979695,11.0,4.771340316037337,6.403378547939902,27.764452095156027,-82.74204218118166
88441a90b3fffff,70,0.0,0.7714285714285715,19.0,18.70171384116014,20.004649358613072,27.78606494818121,-82.72538749876419
88441a90b7fffff,128,0.0390625,0.2734375,19.0,18.521874785025915,19.828296189571013,27.786263762142877,-82.72079274098564
88441a90c1fffff,148,0.6824324324324325,0.02027027027027027,10.0,3.737687159776688,5.465062615042957,27.735256165400077,-82.73656344341542
88441a90c3fffff,114,0.8859649122807017,0.017543859649122806,11.0,4.414707744717598,5.701674792551918,27.74140941738807,-82.73940892318656
88441a90c7fffff,10,0.9,0.0,11.0,5.1135643537342546,6.219619355906557,27.74424912865747,-82.73417883151266
88441a90c9fffff,91,0.7032967032967034,0.02197802197802198,10.0,4.113314567009608,5.867005583537873,27.728165517762505,-82.74067141944687
88441a90cbfffff,220,0.8090909090909091,0.02727272727272727,10.0,4.436079330643018,5.718059693796356,27.735991870207013,-82.74393559739602
88441a90cdfffff,70,0.7571428571428571,0.07142857142857142,11.0,3.3072714994847776,4.729901642543156,27.723451214335814,-82.73103166098493
88441a90d1fffff,200,0.72,0.02,10.0,4.133493280212084,5.743826526712271,27.748879916556913,-82.75280224564753
88441a90d3fffff,249,0.606425702811245,0.03614457831325301,10.0,5.387793472905954,7.9457887962814215,27.757578210518183,-82.75557607295323
88441a90d5fffff,70,0.5142857142857142,0.014285714285714285,10.0,4.949899282852809,7.23233853485762,27.751361641489996,-82.7446668511937
88441a90d7fffff,124,0.7580645161290323,0.056451612903225805,10.0,4.909765373418729,6.57777282298289,27.757773005438068,-82.7487842394681
88441a90d9fffff,381,0.7165354330708661,0.028871391076115485,10.0,3.4874040805300077,5.141011145584948,27.744262961570183,-82.75619226738488
88441a90dbfffff,468,0.6346153846153846,0.049145299145299144,10.0,3.6165284461776417,5.64709288534924,27.7512165166281,-82.76062579025253
88441a90ddfffff,234,0.8760683760683761,0.004273504273504274,10.0,4.2877788515388975,5.832665321741597,27.74151167284453,-82.74916177350403
88441a90e1fffff,341,0.5571847507331378,0.04105571847507331,10.0,4.451778317888578,6.738913553998925,27.741023168920833,-82.71224571300372
88441a90e3fffff,88,0.17045454545454544,0.10227272727272728,10.0,7.276850965519746,10.912768682041785,27.746414217938387,-82.71694185774425
88441a90e5fffff,132,0.3181818181818182,0.09848484848484848,10.0,5.988901202181975,8.599671351287707,27.73951839438501,-82.70580184983262
88441a90e7fffff,27,0.18518518518518517,0.3333333333333333,9.0,8.512173139850299,10.437853299402565,27.744308590992592,-82.71108729815168
88441a90ebfffff,169,0.04142011834319527,0.17159763313609466,10.0,5.705726515352726,14.010088622524584,27.74211888934973,-82.72139119689876
88441a9101fffff,1,1.0,0.0,9.0,5.357964614927769,6.141249202835677,27.703652824844124,-82.64206363004068
88441a9103fffff,213,0.1643192488262911,0.2863849765258216,8.0,6.747271404663722,8.420613268559055,27.70611431047981,-82.64445542479022
88441a9107fffff,129,0.46511627906976744,0.007751937984496124,8.0,6.092620898783207,7.360557517825841,27.707186471160878,-82.63945915786739
88441a910bfffff,95,0.3263157894736842,0.11578947368421053,8.0,5.080573209722837,7.384193587689104,27.702433552492547,-82.65073767158864
88441a9115fffff,22,0.0,0.8636363636363636,8.0,7.840988244712353,9.5305421607117,27.71513463076204,-82.64899538187079
88441a9131fffff,121,0.4214876033057851,0.024793388429752067,9.0,6.004263838430246,8.041094312782453,27.719940251639514,-82.63691944694108
88441a9133fffff,185,0.5081081081081081,0.12972972972972974,9.0,4.583969344198704,7.0358507718831325,27.728904549139695,-82.63925641137305
88441a9135fffff,44,0.045454545454545456,0.0,9.0,5.465508935252826,8.815740348278844,27.722233611195758,-82.62884274738475
88441a9137fffff,280,0.4714285714285714,0.1357142857142857,8.0,6.136584320763747,7.607959046336778,27.72778368570283,-82.63192452059198
88441a9139fffff,168,0.041666666666666664,0.49404761904761907,8.0,7.598713839153449,8.903656752470491,27.71354230453278,-82.63947608341988
88441a913bfffff,27,0.037037037037037035,0.3333333333333333,8.0,6.773412917057674,8.82337578295448,27.717850508295314,-82.64465547132019
88441a913dfffff,122,0.6065573770491803,0.01639344262295082,9.0,5.128610194275777,6.62448120203529,27.713366899229516,-82.63492763042927
88441a9153fffff,19,0.10526315789473684,0.15789473684210525,9.0,8.131217307051024,10.232239275029587,27.704376653524044,-82.6675608153139
88441a9157fffff,34,0.29411764705882354,0.23529411764705882,9.0,6.262779499441386,8.696293194703216,27.702312671935452,-82.65828018530668
88441a9189fffff,2,0.0,1.0,8.0,7.422295003334682,10.069688264725134,27.742078618224262,-82.6758612199655
88441a918dfffff,76,0.6052631578947368,0.2236842105263158,9.0,5.325884356349707,7.4304891086594616,27.743685581535914,-82.66406933307398
88441a91a5fffff,245,0.2653061224489796,0.1836734693877551,8.0,4.940066882769267,7.868963899708719,27.756451267167787,-82.64023078285376
88441a91a7fffff,2,0.0,1.0,8.0,7.125488910128674,15.326194990435207,27.760521047819744,-82.64223695028808
88441a91adfffff,399,0.40852130325814534,0.09523809523809523,8.0,5.072982237040997,7.2101595876834965,27.749812063383303,-82.64290347871899
88441a91c9fffff,52,0.7115384615384616,0.019230769230769232,9.0,6.221102677583694,7.499418048674103,27.722339379146753,-82.6821887499418
88441a91cbfffff,167,0.6047904191616766,0.11976047904191617,10.0,6.8441350164016095,8.215603951123235,27.72966061580572,-82.68467144917126
88441a91d1fffff,173,0.5953757225433526,0.13872832369942195,10.0,6.481626080274582,8.438581903418958,27.744936335711937,-82.69270889808605
88441a91d5fffff,265,0.5886792452830188,0.1169811320754717,10.0,6.56274220764637,8.18884287151508,27.745371513838382,-82.68343023890111
88441a91d9fffff,274,0.8357664233576643,0.010948905109489052,10.0,4.42866513778766,6.234306485105902,27.74115809534285,-82.69747594118628
88441a91dbfffff,37,0.05405405405405406,0.24324324324324326,10.0,8.69317221581936,10.488614170733143,27.743561709497854,-82.69752877105478
88441a91ddfffff,52,0.057692307692307696,0.057692307692307696,10.0,7.76566908766826,10.881455240724133,27.73793305341197,-82.68813371289009
88441a91e3fffff,101,0.6237623762376238,0.06930693069306931,9.0,5.158457629779975,7.167716603576815,27.74342511344607,-82.65654122210208
88441a91e5fffff,422,0.556872037914692,0.08530805687203792,9.0,5.4223064096272,7.058801232328928,27.736592872134096,-82.64437271770898
88441a91e7fffff,369,0.7506775067750677,0.04336043360433604,9.0,4.21741520067056,6.2298330454246855,27.7436344688456,-82.64677083850903
88441a91edfffff,20,0.75,0.05,9.5,3.9463311588764194,6.316145797571906,27.729592610906803,-82.64500709099234
88441a9207fffff,1,0.0,0.0,9.0,4.134909083247185,9.15769879319275,27.663745398583604,-82.72739588320823
88441a922bfffff,7,0.0,0.14285714285714285,9.0,4.7582977194587395,11.076588387515073,27.663875270447004,-82.72493134186678
88441a9231fffff,54,0.05555555555555555,0.2222222222222222,9.0,6.064561207940182,12.678594861242972,27.67780958962741,-82.72858893683504
88441a9233fffff,141,0.49645390070921985,0.06382978723404255,9.0,4.098477576971054,6.3479133222568365,27.684968508718637,-82.73624772583231
88441a9235fffff,334,0.05089820359281437,0.15269461077844312,9.0,5.7228964515527085,11.795476673595575,27.676260874123514,-82.7232663194959
88441a9237fffff,559,0.014311270125223614,0.259391771019678,9.0,6.302406144638857,12.75036566976072,27.682747113112935,-82.72538554605256
88441a923dfffff,62,0.04838709677419355,0.08064516129032258,9.0,4.790785510291656,11.503774606142574,27.668676589013476,-82.72658210523781
88441a92a1fffff,65,0.4461538461538462,0.09230769230769231,9.0,4.3473691017429035,7.788721318377726,27.712272566574683,-82.73789725792643
88441a92a5fffff,400,0.8325,0.03,9.0,3.8266003725926083,5.574311845128321,27.712795539192463,-82.73272566776996
88441a92a7fffff,385,0.6701298701298701,0.03636363636363636,9.0,4.1358852833509445,5.7,27.719503824265598,-82.7361291590459
88441a92adfffff,169,0.47928994082840237,0.10059171597633136,9.0,3.498158317009608,6.350610322451228,27.705312426213272,-82.73591133583994
88441a92b5fffff,1,0.0,0.0,11.0,5.56679869145155,17.098800566903837,27.731142264016267,-82.74623707103574
88441a92b7fffff,121,0.71900826446281,0.0,10.0,5.583663174013297,7.233060151481891,27.738408775592212,-82.75130369069828
88441a92e5fffff,167,0.49700598802395207,0.041916167664670656,9.0,3.5289320866266887,5.723498596770763,27.69081975629343,-82.73673672244463
88441a9401fffff,279,0.6236559139784946,0.11469534050179211,10.0,3.5440940855940184,5.3,27.813642426029098,-82.8164616248191
88441a9403fffff,281,0.6405693950177936,0.06405693950177936,11.0,3.9753351746996244,5.612091317642536,27.820690901710563,-82.8217628842603
88441a9405fffff,342,0.8187134502923976,0.029239766081871343,10.0,3.2433448636035127,4.770389507026504,27.811711821508286,-82.81066249641435
88441a9407fffff,112,0.75,0.026785714285714284,11.0,3.6324935809274517,5.187572290896513,27.818329047625138,-82.81410878357653
88441a940dfffff,26,0.3076923076923077,0.07692307692307693,11.0,4.883721050818762,9.604849477529307,27.808495983382006,-82.81196351077905
88441a9411fffff,110,0.5818181818181818,0.05454545454545454,10.0,4.087509601165851,6.305011953761179,27.82924137615541,-82.8317581844758
88441a9413fffff,74,0.44594594594594594,0.13513513513513514,10.0,5.025450170089801,8.027635149906086,27.836239611840416,-82.8363202037862
88441a9415fffff,410,0.6341463414634146,0.0951219512195122,10.0,4.148410642494758,6.002889790223495,27.827309073818796,-82.82529466175768
88441a9417fffff,186,0.7365591397849462,0.043010752688172046,11.0,3.3626342869798345,4.734133145173008,27.833281340452807,-82.83016109670982
88441a941dfffff,31,0.4838709677419355,0.0,11.0,4.432702523072561,6.346440665878563,27.823145322633835,-82.8281320913356
88441a9421fffff,400,0.6775,0.03,10.0,5.1726850814123955,6.754096082840862,27.818233104319628,-82.79674747344961
88441a9423fffff,153,0.7450980392156863,0.032679738562091505,10.0,6.230061347285907,7.556816330028518,27.824130019722535,-82.80091559473364
88441a9425fffff,8,0.125,0.375,10.0,10.330762751897176,12.994533072410729,27.81577347291164,-82.78444507191186
88441a9429fffff,46,0.8043478260869565,0.021739130434782608,11.0,4.062894574751457,5.983363037372704,27.813153379612178,-82.79854118133133
88441a942bfffff,227,0.9251101321585903,0.01762114537444934,11.0,3.7857129978140196,6.441828981496343,27.819468569868146,-82.80314013414967
88441a942dfffff,99,0.5454545454545454,0.050505050505050504,10.0,6.4532673890391985,8.69468043747361,27.813385718962888,-82.792516809027
88441a9431fffff,7,0.0,0.2857142857142857,10.0,7.892808591326078,12.822900932375179,27.836740136648636,-82.81572652721782
88441a9433fffff,2,0.0,0.5,10.0,9.207576089004675,17.971610592396015,27.837253443662703,-82.81669359887889
88441a9439fffff,118,0.8559322033898306,0.025423728813559324,11.0,4.329242911835512,6.00529232593855,27.82633152786044,-82.81907745993928
88441a943bfffff,73,0.0684931506849315,0.1232876712328767,10.0,7.2819748427470525,11.219633836501124,27.83772107452031,-82.81973608335147
88441a9461fffff,45,0.6888888888888889,0.0,11.0,4.339544638892015,5.804178187299227,27.799472706021774,-82.7985767826784
88441a9463fffff,209,0.6363636363636364,0.05741626794258373,11.0,3.6081372710069024,5.31013125119205,27.80597572469126,-82.8055910405008
88441a9465fffff,455,0.7912087912087912,0.026373626373626374,10.0,3.3137233764926592,4.7240171702293985,27.797157079042492,-82.7923686584858
88441a9467fffff,183,0.6666666666666666,0.04371584699453552,11.0,3.8321263065934184,5.437707598661723,27.801834518069903,-82.79757611242539
88441a9481fffff,297,0.08417508417508418,0.17845117845117844,9.0,6.561855179667473,11.940843451143774,27.86492415828805,-82.84489820444315
88441a9483fffff,116,0.25,0.1896551724137931,9.0,6.694745112061501,9.083041233631683,27.873395735999424,-82.84866366499676
88441a9485fffff,4,0.0,0.0,9.0,7.696332285106182,13.572877815149406,27.86356434709417,-82.84091973132162
88441a9489fffff,128,0.2109375,0.078125,9.0,5.3798217587172985,10.583942870714143,27.858968582705312,-82.84706939055097
88441a948bfffff,6,0.0,0.0,9.0,7.553115203777949,9.679617034028894,27.867945938008408,-82.84960079695088
88441a948dfffff,268,0.007462686567164179,0.1455223880597015,9.0,7.268491469919683,11.84017541568107,27.85942499478278,-82.84083295032376
88441a9495fffff,68,0.22058823529411764,0.1323529411764706,8.0,5.5188542034228645,8.736466464124682,27.880169467570234,-82.85052697351034
88441a94b1fffff,41,0.5609756097560976,0.12195121951219512,9.0,4.546711431344351,6.217575504376749,27.88820733908046,-82.84123228454561
88441a94b3fffff,409,0.6430317848410758,0.061124694376528114,8.0,3.778109509746234,5.403158511538653,27.895056742986945,-82.84476216005693
88441a94b7fffff,25,0.12,0.4,9.0,5.228767894705137,10.595323911803689,27.89427772388435,-82.83460103472213
88441a94b9fffff,10,0.0,0.0,8.0,7.11763570100069,12.403748168295188,27.8802112692969,-82.84530359061394
88441a94bbfffff,523,0.28680688336520077,0.07074569789674952,8.0,3.6429930119713148,9.20586581226778,27.888165161358785,-82.84778969254677
88441a94c5fffff,131,0.17557251908396945,0.16030534351145037,10.0,4.343310987850031,12.379662396827822,27.844862889823553,-82.84133753831412
88441a94c7fffff,36,0.25,0.1111111111111111,10.0,5.560943641910951,12.788764695759301,27.851714398500533,-82.84503064454583
88441a94e9fffff,124,0.024193548387096774,0.14516129032258066,9.0,6.3144872075816,10.830157471044442,27.8420791962407,-82.83233229676492
88441a94ebfffff,119,0.025210084033613446,0.25210084033613445,9.0,6.459735105832418,10.302604438728238,27.850014219922187,-82.83757301277895
88441a94edfffff,80,0.125,0.1375,10.0,6.961183990140757,10.756676641460778,27.840004018278258,-82.82575233452653
88441a9501fffff,244,0.8237704918032787,0.045081967213114756,11.0,3.533271405597528,5.67510613797716,27.809866364496774,-82.75863166072489
88441a9507fffff,66,0.18181818181818182,0.22727272727272727,10.0,9.158823576370875,10.587436125552978,27.81809079497612,-82.7507136754241
88441a950bfffff,11,0.6363636363636364,0.09090909090909091,13.0,1.9024397645890714,5.6698053855378205,27.809465242041348,-82.76153553592452
88441a950dfffff,94,0.6276595744680851,0.0851063829787234,10.0,6.071350022604069,8.098733320483765,27.800651995032776,-82.756156768754
88441a9511fffff,98,0.030612244897959183,0.11224489795918367,10.0,7.607918123304844,10.56240117086147,27.826562351404434,-82.77319615123648
88441a9513fffff,211,0.4265402843601896,0.04265402843601896,10.0,7.034615279436112,9.124574190610224,27.831849912839377,-82.77884967174248
88441a9515fffff,61,0.36065573770491804,0.01639344262295082,11.0,5.9618233824769655,9.081987032535078,27.82546278769086,-82.76328052878557
88441a9517fffff,76,0.7105263157894737,0.013157894736842105,11.0,5.975096731483936,7.999339852195947,27.832406948428314,-82.76698696462802
88441a9519fffff,1,0.0,0.0,10.0,9.154109186927478,11.033105214452936,27.8149849,-82.77487875
88441a951dfffff,3,0.0,1.0,10.0,4.875521126389504,12.75,27.81545536428932,-82.76720690484025
88441a9521fffff,50,0.0,0.44,12.269427101172496,12.007885872224968,13.835578928343885,27.813515503965483,-82.73380322458438
88441a9523fffff,23,0.0,0.21739130434782608,10.0,9.272046361962955,12.10993961466324,27.8209725795158,-82.73883673855498
88441a9527fffff,14,0.0,0.42857142857142855,12.269464405369742,12.08309278190136,15.408755713597003,27.823854539819767,-82.7309004317796
88441a952bfffff,11,0.0,0.2727272727272727,10.295821337864165,8.717064087589582,11.245474895044733,27.81746072659937,-82.74157065576703
88441a952dfffff,1,0.0,1.0,12.106866142503383,12.37745700597763,13.587739573874593,27.81058808569451,-82.73318741889943
88441a9531fffff,36,0.3333333333333333,0.0,11.0,8.268907672166824,9.730883184177628,27.827762204823035,-82.75002293000566
88441a9533fffff,121,0.1652892561983471,0.09917355371900827,10.0,8.232704571684202,10.567450189494267,27.83897562041963,-82.75562808133786
88441a9535fffff,120,0.03333333333333333,0.16666666666666666,10.0,9.107004403074583,10.572002788391977,27.829331201832023,-82.74180863115741
88441a9537fffff,70,0.34285714285714286,0.2,11.0,7.137348998288314,10.25673707250702,27.837104434726267,-82.74655791010771
88441a9539fffff,18,0.3333333333333333,0.05555555555555555,11.0,5.573958469976982,10.069406458722522,27.82266521876904,-82.75320699467069
88441a953bfffff,164,0.42073170731707316,0.0975609756097561,11.0,8.195684842268626,9.869317488560599,27.83084544011229,-82.76120226385338
88441a953dfffff,157,0.16560509554140126,0.1337579617834395,10.0,8.675236103336017,10.269372575929832,27.822860107593968,-82.74843465978135
88441a9541fffff,42,0.7857142857142857,0.023809523809523808,11.0,4.8601844986776515,6.362309443970046,27.784757583345193,-82.76525811702967
88441a9545fffff,27,0.4074074074074074,0.1111111111111111,12.0,4.695563174088797,9.16824390475313,27.787495957626852,-82.75289387906862
88441a9547fffff,98,0.5612244897959183,0.07142857142857142,10.0,5.4291836142043275,8.481927838677226,27.794784100102834,-82.75526912064342
88441a9549fffff,369,0.8888888888888888,0.032520325203252036,10.0,4.3531465167800585,5.533571889438122,27.780469276963135,-82.76764624672069
88441a954bfffff,50,0.72,0.06,11.0,4.322448817243179,5.761381424044364,27.78498520941618,-82.76989301026443
88441a954dfffff,125,0.744,0.08,11.0,4.21450576454401,5.525467358709326,27.77885927409694,-82.76105101806334
88441a9551fffff,45,0.8,0.1111111111111111,11.0,3.381544252932072,4.942527489542555,27.800499873823185,-82.78130489131046
88441a9559fffff,410,0.8341463414634146,0.046341463414634146,10.0,3.758517064154148,5.603883926014515,27.796456510760745,-82.78444058990213
88441a955bfffff,126,0.6428571428571429,0.0873015873015873,11.0,3.2957821796337763,4.990788264738713,27.80172796244324,-82.78723664691765
88441a9569fffff,2,0.0,0.0,10.0,9.422041306992373,10.510939434576017,27.783994724260342,-82.74887726063953
88441a9581fffff,65,0.16923076923076924,0.03076923076923077,9.0,7.182447800437609,8.73418711325646,27.86262319969598,-82.78484202287733
88441a9583fffff,11,0.0,0.36363636363636365,9.0,7.807669549584389,9.911034454342868,27.86638271553036,-82.78440753259292
88441a9585fffff,3,0.0,0.0,9.0,6.404412406682969,8.82801471637997,27.859464327697413,-82.77144030835935
88441a9587fffff,326,0.17484662576687116,0.03680981595092025,9.0,6.963524367312591,8.518153389501045,27.867801613316125,-82.78073790357836
88441a9589fffff,43,0.0,0.023255813953488372,9.0,7.5038546446959185,9.431713067517492,27.855537826823888,-82.78557733156102
88441a958dfffff,4,0.25,0.0,9.0,6.262086851050457,7.7688371603328426,27.855206545458227,-82.78128032837326
88441a95a1fffff,131,0.10687022900763359,0.2366412213740458,9.0,7.701859783530236,10.062440093523607,27.868508567500303,-82.76505800776668
88441a95a3fffff,230,0.16521739130434782,0.1565217391304348,9.0,7.471990080972513,9.08019017268037,27.873773248005435,-82.76687894073646
88441a95a9fffff,100,0.01,0.15,9.0,7.406140768925349,9.792711000242836,27.85986717410366,-82.76837405933662
88441a95abfffff,64,0.375,0.140625,9.0,6.356309716353815,8.634397695755228,27.86787690608297,-82.76872717754964
88441a95b1fffff,78,0.07692307692307693,0.07692307692307693,9.0,7.580963110824427,9.02216967530509,27.882847925646047,-82.77940900509927
88441a95b3fffff,131,0.0,0.183206106870229,9.0,7.918355622887612,9.437414253027448,27.88936457242902,-82.77889021120963
88441a95b5fffff,98,0.07142857142857142,0.20408163265306123,9.0,7.739730950295925,9.909386804350166,27.880342671327522,-82.76966111115178
88441a95b7fffff,416,0.18990384615384615,0.08653846153846154,9.0,7.430421008765698,8.977313432688907,27.890135555456347,-82.77581872059267
88441a95b9fffff,16,0.0,0.0625,9.0,7.484223088522752,9.310716527616066,27.877239250851364,-82.77925380656767
88441a95bdfffff,184,0.043478260869565216,0.10326086956521739,9.0,7.297942519684633,9.131224675413925,27.8745665206256,-82.77481552285514
88441a95c5fffff,52,0.0,0.21153846153846154,10.0,8.574151677687963,15.606867172498676,27.837133941468366,-82.78261558997384
88441a95c7fffff,93,0.3333333333333333,0.021505376344086023,9.0,6.860108559926351,8.408455558549997,27.846837774174933,-82.78465265599226
88441a95cdfffff,13,0.0,0.38461538461538464,10.0,8.829867607752483,11.340745930587893,27.83379045468196,-82.78201572419796
88441a95e1fffff,365,0.473972602739726,0.043835616438356165,10.0,7.432473923166594,9.029901200892052,27.845422084686486,-82.76775317532625
88441a95e3fffff,294,0.5476190476190477,0.08163265306122448,10.0,6.925289472142856,8.498619906495222,27.85244697236934,-82.76994956623696
88441a95e5fffff,18,0.05555555555555555,0.16666666666666666,10.0,8.85528948545456,10.081916446018846,27.843665718983964,-82.76296507860238
88441a95e7fffff,11,0.0,0.2727272727272727,9.0,8.810283375382424,10.340454772185184,27.851246008800196,-82.76691246053383
88441a95e9fffff,155,0.05806451612903226,0.05806451612903226,11.0,5.99930618117253,14.19428014735214,27.83768990077996,-82.77169262166518
88441a95ebfffff,69,0.5362318840579711,0.08695652173913043,10.0,5.84560472637415,7.792984234545917,27.847154838128418,-82.77363288720495
88441a95edfffff,211,0.4597156398104265,0.018957345971563982,10.0,7.531023983160655,9.315945924890844,27.838388664016765,-82.76509215537472
88441a9721fffff,44,0.5909090909090909,0.045454545454545456,10.0,3.9448271614809833,6.1194926498770155,27.76525090647303,-82.76656812777345
88441a9723fffff,246,0.7398373983739838,0.036585365853658534,10.0,4.475520982791981,6.156726518067838,27.774463969714635,-82.77130906576409
88441a9725fffff,373,0.6300268096514745,0.010723860589812333,11.0,4.451439620256425,5.8295589546662665,27.765328146124947,-82.75968637698308
88441a9727fffff,144,0.7708333333333334,0.0763888888888889,11.0,3.741961946288745,5.19297601577737,27.77342061645245,-82.76418336491535
88441a972dfffff,201,0.5621890547263682,0.10945273631840796,10.0,4.201412715315819,6.789718950352839,27.758073197009505,-82.76368896466842
88441a9731fffff,33,0.36363636363636365,0.030303030303030304,10.0,4.786153448621432,7.732295795498213,27.780794028061827,-82.78198014522611
88441a9733fffff,232,0.6077586206896551,0.0603448275862069,10.0,3.7722724510729315,5.93886468991548,27.790268236044383,-82.78670227353622
88441a9735fffff,302,0.5165562913907285,0.04966887417218543,10.0,4.149072393526634,6.542125086992208,27.7799472498536,-82.77660313753465
88441a9737fffff,214,0.7757009345794392,0.04672897196261682,10.0,3.024362862383326,4.747979983797858,27.78914152301192,-82.78253784156642
88441a973dfffff,38,0.42105263157894735,0.07894736842105263,10.5,4.524537491848072,7.4764730614797905,27.77705329990193,-82.77943271908866
88441a9891fffff,87,0.7241379310344828,0.04597701149425287,10.0,5.437107222378255,7.745747610358427,27.814723015612266,-82.59193622643369
88441a9893fffff,343,0.8892128279883382,0.014577259475218658,10.0,5.060011995037397,6.651729001270277,27.81933449534846,-82.5949785887863
88441a9897fffff,52,0.5192307692307693,0.057692307692307696,10.0,5.64798189346989,8.37915708431841,27.81803891963653,-82.58919258994462
88441a989bfffff,262,0.7137404580152672,0.019083969465648856,9.0,3.9003204935292404,5.829698966206539,27.81314815964756,-82.60060338090611
88441a98dbfffff,34,0.14705882352941177,0.058823529411764705,10.0,5.422333004822335,9.301888704430153,27.793329157481867,-82.60788200454076
88441a9a99fffff,28,0.17857142857142858,0.14285714285714285,9.0,7.376813308596612,9.241931562014374,27.755080936551536,-82.63142283976363
88441a9a9bfffff,4,0.5,0.0,10.0,4.779819098909696,8.423859095856878,27.76595355090539,-82.63452319682533
88441a9acbfffff,41,0.6585365853658537,0.024390243902439025,9.0,5.860289185146491,7.438431091848891,27.727953182252854,-82.62627566989312
88441a9ad1fffff,134,0.4253731343283582,0.04477611940298507,9.0,6.104609074095885,7.988768318032863,27.741878962990164,-82.62915509109813
88441a9ad3fffff,150,0.2733333333333333,0.12,8.0,5.645428950289885,7.745909040451299,27.75035494057479,-82.63623961014261
88441a9ad5fffff,9,0.8888888888888888,0.0,10.0,4.957315431237221,6.6,27.744692830307322,-82.62417103335596
88441a9ad7fffff,169,0.7218934911242604,0.029585798816568046,9.0,5.436352779269218,6.982417987196099,27.74673760635225,-82.62659082772434
88441a9ad9fffff,285,0.3894736842105263,0.19649122807017544,8.0,6.154843486646811,7.754336551157257,27.734003127786355,-82.63470204562107
88441a9adbfffff,196,0.32653061224489793,0.1326530612244898,9.0,5.85364977290233,8.093223978335878,27.74415292371303,-82.6402005057772
88441a9addfffff,242,0.2396694214876033,0.1859504132231405,9.0,6.863020342687767,8.427216393276456,27.73467274264121,-82.62729563592673
88441aa325fffff,34,0.029411764705882353,0.23529411764705882,10.0,5.719809062282245,13.573845320296456,28.17165205576956,-82.7946800026836
88441aa32dfffff,46,0.021739130434782608,0.2826086956521739,11.0,5.229221381892761,16.551855200330166,28.17001803444362,-82.79755236186752
88441ab163fffff,12,0.5,0.0,10.0,5.229432774583499,6.316945377256673,28.06104140193867,-82.81638798770518
88441ab167fffff,13,0.8461538461538461,0.0,10.0,5.052428844471772,6.512444445201511,28.060977375439037,-82.81395875370217
88441ab801fffff,95,0.031578947368421054,0.2631578947368421,6.0,4.676641474962235,6.725929162783585,28.112790530288386,-82.73610580930323
88441ab803fffff,4,0.0,1.0,6.0,7.539415158331394,10.129895820141442,28.117638078723747,-82.73754613579226
88441ab805fffff,11,0.0,0.18181818181818182,6.0,5.536637393534184,7.26634017022515,28.110779723267264,-82.73247150841975
88441ab807fffff,11,0.0,0.9090909090909091,6.0,6.6638555751244235,12.15,28.117988893756884,-82.7359921557722
88441ab809fffff,12,0.0,0.75,6.0,5.795137410312892,7.849092591736237,28.10749925313957,-82.73803213718782
88441ab80dfffff,319,0.025078369905956112,0.36990595611285265,6.0,5.087822747031848,6.914915614314504,28.1066182060849,-82.73305979061361
88441ab811fffff,25,0.16,0.32,9.0,5.248008345067501,10.3,28.13063095576436,-82.75155244229734
88441ab813fffff,35,0.05714285714285714,0.17142857142857143,9.0,5.336489385962486,11.160227545134145,28.137888462860634,-82.75997660003983
88441ab819fffff,46,0.17391304347826086,0.06521739130434782,10.0,7.324890492260456,9.663529562416002,28.121653443581803,-82.76116024379259
88441ab81bfffff,17,0.0,0.058823529411764705,10.0,8.440933216412862,10.8,28.12616774917894,-82.76428377327221
88441ab823fffff,5,0.0,0.8,6.0,9.31959544201692,13.864102654048445,28.13009193456113,-82.71748313739305
88441ab829fffff,4,0.0,1.0,6.0,8.350680466194948,13.280324450046738,28.112318576353378,-82.72027896341072
88441ab82bfffff,1,0.0,1.0,6.0,8.807654362122218,13.51035606774083,28.116837612128577,-82.7217218932362
88441ab82dfffff,3,0.0,1.0,6.0,10.020707362691562,12.165899308262821,28.106721511130875,-82.71166288996415
88441ab831fffff,25,0.0,0.36,6.0,4.782776641050975,8.508020204754605,28.13339103604047,-82.7336969301739
88441ab833fffff,18,0.0,0.9444444444444444,6.0,6.55517841681838,11.315168817201968,28.139537348495722,-82.73251765783424
88441ab837fffff,4,0.0,0.25,6.0,5.405013275096814,7.892624018598953,28.143508612384036,-82.7290150246061
88441ab839fffff,17,0.0,0.29411764705882354,6.0,4.863909585972627,6.721738329893466,28.130215045209365,-82.73513006949263
88441ab853fffff,21,0.0,0.47619047619047616,10.0,8.471570881207784,12.204009123477942,28.117345212353207,-82.76631841487774
88441ab859fffff,1,0.0,0.0,10.0,9.265230952103932,16.39883132950556,28.10299023553847,-82.76840857687542
88441ab85bfffff,6,0.16666666666666666,0.16666666666666666,11.0,7.939170274138451,10.527507694519484,28.106091085044948,-82.77021651471048
88441ab861fffff,23,0.043478260869565216,0.4782608695652174,6.0,5.685796545445919,8.07941991047044,28.09750217117806,-82.72363486328263
88441ab863fffff,6,0.0,0.6666666666666666,6.0,4.79935463860631,7.236165779994572,28.103278378744605,-82.72732593692952
88441ab867fffff,9,0.0,0.4444444444444444,6.0,5.409537782669068,10.080168617284183,28.106042978671674,-82.71437293791058
88441ab86bfffff,17,0.0,0.5882352941176471,6.0,5.314803350965183,9.599167111050633,28.09920394703988,-82.72572733232396
88441ab86dfffff,6,0.0,1.0,6.0,5.914617497771979,12.23305170981754,28.089933867940843,-82.71608926350451
88441ab881fffff,39,0.0,0.358974358974359,10.0,9.226796201864879,11.546571165770846,28.162880639325547,-82.76617389826009
88441ab885fffff,16,0.375,0.25,8.0,3.440787983387709,6.719530987611479,28.164180922117044,-82.75502464804916
88441ab889fffff,96,0.4895833333333333,0.23958333333333334,10.0,4.79269606217742,8.003672949643663,28.157860565429143,-82.76930455881815
88441ab88bfffff,7,0.0,0.2857142857142857,9.0,5.888888797561328,9.95986266269777,28.16402737074476,-82.77248472559609
88441ab88dfffff,45,0.2,0.13333333333333333,8.0,5.320735643903415,9.2948416935124,28.159279228473103,-82.76000574225208
88441ab899fffff,28,0.5357142857142857,0.03571428571428571,10.0,5.605914552460114,7.409183879337702,28.1720199774095,-82.78338739831317
88441ab8a5fffff,9,0.0,0.5555555555555556,8.0,7.0474701452255255,9.703080079744057,28.16955584744618,-82.73325569786192
88441ab8a9fffff,13,0.0,0.46153846153846156,8.0,6.020684415896734,9.795316241081988,28.166612787971818,-82.75038512558065
88441ab8abfffff,4,0.25,0.75,8.0,7.524049002130827,9.216986046637588,28.168341554718037,-82.75218643968421
88441ab8adfffff,1,0.0,1.0,8.0,5.751550818781058,10.995107996215854,28.165807914602617,-82.73432195353729
88441ab8c1fffff,94,0.2872340425531915,0.1595744680851064,9.0,5.250246252516906,9.162236891547202,28.144875614946677,-82.76976083468236
88441ab8c3fffff,248,0.5120967741935484,0.12903225806451613,9.0,4.873637951910496,7.343610770784312,28.15127781147036,-82.77499694794501
88441ab8c5fffff,270,0.4962962962962963,0.040740740740740744,9.0,4.058975303421418,6.861908281169981,28.143284714402625,-82.76056996327432
88441ab8c7fffff,126,0.30158730158730157,0.0873015873015873,9.0,3.7986265294750536,8.827116197742479,28.150274187787833,-82.76579948382229
88441ab8c9fffff,115,0.08695652173913043,0.5130434782608696,9.0,7.319804943402609,10.881646392937418,28.136628151262485,-82.77595778737475
88441ab8cbfffff,97,0.41237113402061853,0.09278350515463918,9.0,6.17702935487032,8.69241391204186,28.146978819727774,-82.77786376368374
88441ab8cdfffff,77,0.24675324675324675,0.3116883116883117,9.0,6.069359489579996,10.5,28.138245469899193,-82.7659704609675
88441ab8d1fffff,172,0.11046511627906977,0.18023255813953487,10.0,5.238085208435853,10.388243490946827,28.16117240797646,-82.78749115965661
88441ab8d3fffff,183,0.060109289617486336,0.26229508196721313,10.0,5.718427285452684,12.516961589743625,28.16666972017091,-82.79014197868858
88441ab8d5fffff,30,0.2,0.26666666666666666,9.0,5.562185402860244,10.075157244345101,28.158398810253214,-82.77578402953395
88441ab8d7fffff,56,0.25,0.21428571428571427,9.0,5.0795277838905655,10.09351459438922,28.16737032397648,-82.78218355222835
88441ab8d9fffff,21,0.0,0.09523809523809523,11.0,5.43100831836462,13.830551036604867,28.151360322130028,-82.78835172766136
88441ab8dbfffff,50,0.38,0.12,11.0,4.038748093098402,10.89188414575474,28.16259563270998,-82.79596732817626
88441ab8ddfffff,9,0.0,0.4444444444444444,10.0,8.763243515094121,12.123757094266558,28.1509517418495,-82.78578932051887
88441ab8e1fffff,3,0.0,0.3333333333333333,8.0,6.083574621379376,8.976654472230013,28.152802335501097,-82.75064414498202
88441ab8e3fffff,21,0.047619047619047616,0.47619047619047616,8.0,4.316975486973922,11.070800838458585,28.15662329220818,-82.75239540233105
88441ab8e7fffff,84,0.7857142857142857,0.0,8.0,3.8544381108880046,5.626627312643709,28.156005244441243,-82.74604128987646
88441ab8e9fffff,67,0.22388059701492538,0.13432835820895522,9.0,6.460928760766984,9.510145121287028,28.14122956313959,-82.7532913233402
88441ab8ebfffff,145,0.27586206896551724,0.11724137931034483,9.0,4.621601154208183,8.047925932985017,28.1514097699785,-82.75890801501217
88441ab909fffff,72,0.0,0.19444444444444445,15.370401139799114,14.367095962166786,16.288589616445897,28.101283137197555,-82.68067588652423
88441ab943fffff,45,0.0,0.06666666666666667,12.724519591925613,11.738450341423354,13.259507687101246,28.094318890473307,-82.68756308778339
88441ab94bfffff,51,0.0,0.21568627450980393,9.348933877643162,9.21479316453139,11.6,28.088789905300718,-82.69163306706093
88441ab951fffff,4,0.0,0.25,6.0,8.784605323374272,12.191741407971605,28.099216004389042,-82.6998295611547
88441ab955fffff,30,0.0,0.4,13.89406257734992,13.800531871418158,15.410045062204176,28.1004614559933,-82.68886675160526
88441ab959fffff,31,0.0,0.8387096774193549,6.0,6.1645346975326545,8.0,28.0972464452069,-82.70336896998725
88441ab95bfffff,38,0.0,0.8947368421052632,6.0,7.297669527828694,10.342974696865888,28.102778442685036,-82.70564226098315
88441ab95dfffff,72,0.027777777777777776,0.2916666666666667,12.119656248918613,10.321117691497008,12.12922083550885,28.095074052767476,-82.69430556982064
88441ab981fffff,18,0.05555555555555555,0.2777777777777778,14.774025929063399,13.982406633297604,16.47677156818363,28.16021414088749,-82.70163684250234
88441ab985fffff,3,0.0,0.3333333333333333,15.0,14.747287574211757,16.945737224469998,28.159479856081663,-82.6983415220155
88441ab98bfffff,13,0.0,0.3076923076923077,8.0,5.862123862504959,9.996733565917253,28.16321751994244,-82.71330446368387
88441ab98dfffff,10,0.0,0.2,16.479924470786557,16.690027468204498,18.53651907631329,28.155324887681793,-82.6997781728822
88441ab999fffff,1,0.0,0.0,8.0,3.9458852982521058,10.743412403261392,28.172672499999997,-82.7223395
88441ab99dfffff,15,0.13333333333333333,0.2,8.0,5.985301855405172,9.59394375771015,28.169573250538296,-82.71485202828671
88441ab9c1fffff,11,0.0,0.9090909090909091,6.0,5.890691795349121,8.787947361944665,28.137849776959044,-82.71193590980118
88441ab9c3fffff,11,0.0,0.7272727272727273,6.0,6.411518017053605,9.900587254533693,28.146695100216437,-82.7162533020048
88441ab9c9fffff,30,0.0,0.5333333333333333,6.0,6.218415194004775,8.276146215316842,28.13539663003577,-82.71413989076625
88441ab9cbfffff,13,0.07692307692307693,0.3076923076923077,6.0,4.644006823897362,6.499662086338759,28.139480935095666,-82.71383567403993
88441ab9d1fffff,19,0.0,0.10526315789473684,8.0,6.1429440923531855,9.573890275008896,28.156964094478166,-82.72638148198108
88441ab9d3fffff,24,0.0,0.5416666666666666,8.0,6.311566429386536,10.811084436838017,28.162034495009433,-82.73187263575699
88441ab9d7fffff,39,0.0,0.23076923076923078,8.0,5.033412888844809,9.922853969675465,28.162205909718093,-82.72142061314916
88441ab9d9fffff,9,0.0,0.4444444444444444,6.0,6.693512346545855,9.819742635707184,28.146276015225666,-82.72876855704455
88441ab9dbfffff,41,0.0975609756097561,0.5121951219512195,8.0,5.758018926680088,9.155301844607829,28.155880978821287,-82.73352211074791
88441ab9ddfffff,15,0.0,0.8,6.0,5.963472675681115,7.594811209603709,28.151456341269522,-82.72160832125847
88441ab9e1fffff,2,0.0,0.0,18.93766650776349,18.585107208093007,22.40228914659337,28.14800430610049,-82.68644430005517
88441ab9e3fffff,1,0.0,1.0,19.0,20.81635334332784,23.50596378149298,28.154938254943065,-82.68862540394036
88441aba01fffff,55,0.01818181818181818,0.36363636363636365,9.0,7.2823025894165045,11.23784083616627,28.062155703828928,-82.77190416364434
88441aba03fffff,206,0.21844660194174756,0.17475728155339806,10.0,5.844451746443908,10.210704890804914,28.071630854125385,-82.77518395155906
88441aba07fffff,40,0.15,0.3,10.0,7.464917323489984,10.434229173562297,28.072547519745314,-82.7696968542916
88441aba09fffff,64,0.46875,0.09375,10.0,5.349338776270549,8.081557767235005,28.057084398894293,-82.77427159492089
88441aba0bfffff,282,0.36879432624113473,0.10283687943262411,10.0,4.668341427445412,9.55092799192541,28.06524767340955,-82.77985391913896
88441aba0dfffff,131,0.17557251908396945,0.030534351145038167,9.0,6.211708707114061,7.883211162574642,28.058751918764305,-82.76997201958679
88441aba11fffff,4,0.0,0.0,11.0,4.322756030857564,16.405122158467996,28.08180936904615,-82.78324034305382
88441aba15fffff,48,0.020833333333333332,0.1875,11.0,3.8402497698366647,14.650134351371214,28.080498143587718,-82.77950174197353
88441aba17fffff,149,0.47651006711409394,0.06040268456375839,11.0,4.977435869673888,8.980253794152036,28.08730338115751,-82.78037714823785
88441aba1dfffff,6,0.16666666666666666,0.3333333333333333,10.0,6.742253908216954,10.970648026051965,28.0700332870796,-82.77994728636486
88441aba31fffff,33,0.2727272727272727,0.30303030303030304,10.0,4.839962568283081,11.157596953842486,28.084598872023975,-82.76864657974326
88441aba33fffff,5,0.4,0.0,10.0,6.271848265429338,9.481276199224887,28.092164819086094,-82.77344028674463
88441aba39fffff,168,0.13095238095238096,0.1488095238095238,10.0,4.573467957625787,11.712244609810966,28.07743590766188,-82.77020588615909
88441aba3bfffff,390,0.6025641025641025,0.0641025641025641,10.0,3.6489696954190736,6.220631681088399,28.087366000870148,-82.77423877705039
88441aba41fffff,9,0.0,0.4444444444444444,9.0,8.579459765752157,10.511947205129262,28.04096164462731,-82.77886673442782
88441aba43fffff,151,0.7152317880794702,0.013245033112582781,10.0,4.540896470149359,6.712405316327538,28.04959210865295,-82.78304879659802
88441aba47fffff,52,0.019230769230769232,0.09615384615384616,11.86666217542778,8.299695130487283,14.604267114680859,28.04943902561009,-82.77296294228348
88441aba49fffff,326,0.8128834355828221,0.024539877300613498,10.0,4.843187235693137,6.489236756130049,28.037478386226518,-82.78254477167866
88441aba4bfffff,370,0.6378378378378379,0.02972972972972973,10.0,4.6676892585059,6.299747286790895,28.04355350697524,-82.78492886602315
88441aba4dfffff,6,0.0,0.6666666666666666,9.0,8.134245639344059,9.932168468830728,28.033488555604507,-82.77644736575489
88441aba55fffff,25,0.04,0.04,11.0,4.617009180883567,13.301799771985579,28.05865829051075,-82.78171207621517
88441aba57fffff,24,0.5416666666666666,0.16666666666666666,11.0,4.981073935925961,6.9783248384516074,28.065049233791967,-82.78497893139485
88441aba5dfffff,132,0.3787878787878788,0.015151515151515152,10.0,5.851033275028071,7.682581780884827,28.051237539423468,-82.78826749225036
88441aba61fffff,16,0.125,0.3125,23.292906724533545,19.867640938162804,24.950894787177443,28.045995551036135,-82.75699376262773
88441aba69fffff,16,0.0,0.0,24.066438899388817,18.98682684838772,22.793988084194943,28.044742305948894,-82.75743715943838
88441aba6bfffff,26,0.15384615384615385,0.07692307692307693,17.393386141030916,12.938228037456671,17.46669667642651,28.04705122636202,-82.76273760540477
88441aba6dfffff,10,0.0,0.1,24.854460340321452,23.219918352166815,25.538458620720828,28.04214530773701,-82.75362939968048
88441abaa1fffff,224,0.5491071428571429,0.12946428571428573,11.0,5.211236967841785,8.118323975327847,28.121449818396638,-82.7761264680857
88441abaa3fffff,182,0.4835164835164835,0.22527472527472528,10.0,6.615945895512899,9.37641811325479,28.131928851576887,-82.77907257482822
88441abaa5fffff,227,0.17180616740088106,0.1277533039647577,10.0,6.567447210550308,11.021279306633119,28.121444966934227,-82.76703010083152
88441abaa7fffff,44,0.09090909090909091,0.25,9.0,7.047888628443083,10.514659010066582,28.13096431762689,-82.76955560184155
88441abaa9fffff,3,0.6666666666666666,0.0,12.0,4.872275339265665,8.587435491878598,28.118959663221542,-82.77814537061751
88441abaabfffff,15,0.13333333333333333,0.0,11.0,5.455691397190094,12.739140880939628,28.124208936376355,-82.78164569322226
88441abaadfffff,150,0.24,0.15333333333333332,10.0,5.493246941566468,10.42747895384246,28.117767343394473,-82.77107132717188
88441abab5fffff,75,0.02666666666666667,0.29333333333333333,10.0,6.658006978829702,11.618849329283988,28.13869727095439,-82.7819083669567
88441abab7fffff,62,0.11290322580645161,0.24193548387096775,11.0,6.657397244870663,12.27765370373724,28.14602536030541,-82.78567594076813
88441abae1fffff,83,0.5180722891566265,0.13253012048192772,11.0,5.028380139271419,7.052082028732112,28.10176949754164,-82.78050313071117
88441abae3fffff,9,0.5555555555555556,0.0,12.0,5.416130262215932,7.05989954177391,28.106087075764844,-82.7827149733621
88441abae5fffff,119,0.1092436974789916,0.1092436974789916,11.0,6.681939525604248,10.920932659017481,28.10161942559944,-82.77388493972221
88441abae7fffff,7,0.14285714285714285,0.0,12.0,4.74591843833526,12.80595905340294,28.10519931484297,-82.7758840514923
88441abaedfffff,182,0.25824175824175827,0.12087912087912088,10.0,5.297619726061821,9.765946081950451,28.092979211559665,-82.77698301401048
88441abb03fffff,30,0.0,0.9666666666666667,6.0,7.262748472193877,10.235827258466525,28.06864510292222,-82.71476487581474
88441abb07fffff,5,0.0,0.8,6.0,9.425477953751882,15.061387022339897,28.068866255029018,-82.70748079021384
88441abb0dfffff,4,0.0,0.25,11.0,7.994235625664394,10.324836094444093,28.04864932631167,-82.70477423174779
88441abb21fffff,8,0.0,0.5,7.8,7.854614371160666,10.583794207370014,28.064896894326466,-82.69131321916669
88441abb23fffff,12,0.0,0.9166666666666666,7.8,8.866359344323477,12.847575266730502,28.072031582868263,-82.69466260313
88441abb29fffff,5,0.0,0.2,9.0,7.661963861982028,12.870047957895924,28.06249781064323,-82.69166491222867
88441abb2bfffff,21,0.0,1.0,7.8,9.800338793595632,12.932131295104913,28.06856837854868,-82.69337415342254
88441abb31fffff,38,0.0,0.47368421052631576,6.6639174300068955,7.61335918734471,9.843290013349455,28.080222263747505,-82.70125766563358
88441abb35fffff,36,0.0,0.3333333333333333,7.401463900532972,7.862796304722627,10.266608717027017,28.080719435392652,-82.69870572153344
88441abb37fffff,44,0.0,0.09090909090909091,8.514622747190273,7.164162821571033,8.943715272170095,28.087798179528818,-82.69688193800097
88441abb39fffff,1,0.0,1.0,6.0,7.334707639217377,10.69263375225987,28.0754146274254,-82.71031190615757
88441abb3bfffff,7,0.0,0.14285714285714285,6.0,4.726771853367488,11.512966536538784,28.083296337461615,-82.71209101258911
88441abb3dfffff,1,0.0,0.0,7.8,6.135614769458771,10.046285888150145,28.07201055310325,-82.69893235296846
88441abb45fffff,26,0.23076923076923078,0.3076923076923077,11.0,8.127964871128402,11.19640998149729,28.0383331419936,-82.7030567188072
88441abb47fffff,6,0.16666666666666666,0.3333333333333333,11.0,8.297690322101117,10.661294348277549,28.047036204179307,-82.71073351018873
88441abb61fffff,535,0.42429906542056073,0.04672897196261682,11.0,8.776104638576507,10.27245954982387,28.043842649382352,-82.69351431674991
88441abb63fffff,25,0.0,0.4,11.0,10.32292890250683,11.940943727489802,28.048145476993213,-82.69872036380202
88441abb65fffff,237,0.06329113924050633,0.04219409282700422,11.0,9.040405341188114,11.12606143280332,28.043541383489746,-82.68561257750257
88441abb67fffff,8,0.0,0.0,11.0,9.051469724575679,11.16550936617139,28.04682612328672,-82.68916846760648
88441abb69fffff,206,0.529126213592233,0.07281553398058252,12.0,8.547089502215385,10.481529400841936,28.037387225378048,-82.69925853753472
88441abb6bfffff,631,0.24722662440570523,0.02694136291600634,11.0,8.471355773011844,10.346805566046733,28.045845017356175,-82.70126901236797
88441abb6dfffff,355,0.49014084507042255,0.0,11.0,7.789420552452405,10.068795458313344,28.03807513320782,-82.68913264341519
