,n,MAE,bias_median,bias_mean,within_1ft,within_2ft,coverage,cov_flagged,cov_unflagged,n_flagged,width_med_unflagged,width_med_flagged,n_sfha_bfe,bfe_side,decided_share,n_decided,decided_correct,n_cert_bfe,bfe_side_vs_cert_bfe,table_bfe_vs_cert_bfe_MAE,truth_above_share,raised_truth_share,raised_recall
"county-only, screened, all",1267.0,2.213,-0.179,-0.942,0.488,0.647,0.883,0.907,0.846,772.0,2.278,15.176,1164.0,0.863,0.381,444.0,0.95,1157.0,0.804,1.696,0.717,0.62,0.898
"county-only, UNSCREENED, all",1310.0,2.4,-0.187,-0.92,0.476,0.632,0.868,0.906,0.81,788.0,2.28,15.226,1193.0,0.851,0.383,457.0,0.928,1185.0,0.792,1.689,0.721,0.621,0.882
"screened, r0 TEST blocks only",194.0,2.245,0.006,-0.796,0.474,0.644,0.871,0.888,0.854,98.0,2.537,15.503,166.0,0.886,0.41,68.0,0.941,163.0,0.853,1.631,0.735,0.521,0.851
"screened, FIT/CAL blocks",1073.0,2.207,-0.197,-0.968,0.49,0.648,0.885,0.909,0.845,674.0,2.225,15.156,998.0,0.859,0.377,376.0,0.952,994.0,0.796,1.706,0.714,0.637,0.905
"screened, 2-4 basement/split",13.0,2.97,-0.856,-1.317,0.385,0.462,0.538,0.556,0.5,9.0,1.952,5.397,10.0,0.7,0.2,2.0,1.0,10.0,0.5,1.6,0.8,0.615,1.0
"screened, elevated 5-9",696.0,3.126,-1.369,-2.085,0.303,0.487,0.874,0.923,0.539,607.0,4.091,16.31,674.0,0.85,0.258,174.0,0.908,670.0,0.76,1.847,0.926,0.931,0.912
"screened, slab 1A/1B",558.0,1.056,0.153,0.493,0.72,0.851,0.903,0.865,0.918,156.0,2.002,9.071,480.0,0.883,0.558,268.0,0.978,477.0,0.872,1.482,0.423,0.231,0.822
"screened, flagged",772.0,2.918,-0.685,-1.156,0.302,0.488,0.907,0.907,,772.0,,15.176,743.0,0.849,0.218,162.0,0.951,740.0,0.753,1.85,0.908,0.913,1.0
"screened, not flagged",495.0,1.113,0.003,-0.607,0.778,0.895,0.846,,0.846,0.0,2.278,,421.0,0.886,0.67,282.0,0.95,417.0,0.894,1.418,0.38,0.162,0.0
"screened, cert point within footprint",1132.0,2.245,-0.195,-1.002,0.485,0.644,0.892,0.91,0.863,702.0,2.254,15.31,1046.0,0.867,0.381,399.0,0.957,1046.0,0.802,1.702,0.72,0.632,0.908
"screened, nearest_10m match",135.0,1.946,-0.04,-0.44,0.511,0.674,0.807,0.871,0.738,70.0,2.398,14.205,118.0,0.822,0.381,45.0,0.889,111.0,0.82,1.635,0.695,0.519,0.8
"screened, ring min >3 ft below inside ground",63.0,2.896,-0.034,-1.373,0.413,0.54,0.825,0.839,0.0,62.0,11.315,8.756,59.0,0.78,0.254,15.0,0.8,59.0,0.78,1.661,0.847,0.984,0.984
"screened, ground_ft < 0",8.0,6.586,-6.118,-6.016,0.125,0.125,0.75,0.75,,8.0,,22.798,8.0,0.375,0.25,2.0,0.5,8.0,0.5,2.125,0.75,1.0,1.0
"screened, sfha_share>=0.5",1107.0,2.32,-0.295,-1.096,0.463,0.622,0.885,0.908,0.844,717.0,2.301,15.381,1093.0,0.856,0.367,401.0,0.948,1090.0,0.795,1.753,0.7,0.665,0.909
