grp,residents_m,in_county_with_digital_fema_map,in_r8_cell_touching_sfha
ALL COAST,137.69,1.0,0.399
CA,26.4,1.0,0.296
FL,18.38,1.0,0.701
NY,16.46,1.0,0.234
NJ,8.44,1.0,0.491
TX,8.17,1.0,0.437
WA,6.03,1.0,0.246
IL,5.9,1.0,0.269
VA,5.54,1.0,0.44
MD,5.49,1.0,0.316
MA,5.35,1.0,0.596
MI,4.55,1.0,0.274
LA,3.34,1.0,0.517
PA,3.08,1.0,0.363
OH,2.45,1.0,0.375
PR,2.2,1.0,0.282
OR,1.98,1.0,0.288
WI,1.93,1.0,0.391
SC,1.63,1.0,0.443
NC,1.48,1.0,0.395
HI,1.45,1.0,0.526
RI,1.1,1.0,0.588
ME,1.05,1.0,0.478
DE,1.02,1.0,0.446
IN,0.79,1.0,0.33
AL,0.72,1.0,0.394
GA,0.72,1.0,0.379
DC,0.68,1.0,0.201
MS,0.48,1.0,0.544
NH,0.45,1.0,0.521
AK,0.43,0.97,0.375
