grp,counties,residents_m,lidar_any,lidar_1m_ql012,fema_digital_zones,noaa_slr_footprint
ALL COAST,464,137.69,0.99,0.969,0.714,0.835
CA,20,26.4,0.999,0.997,0.687,1.0
FL,50,18.38,0.99,0.915,0.893,0.999
NY,23,16.46,1.0,1.0,0.528,0.832
NJ,17,8.44,1.0,1.0,0.811,1.0
TX,22,8.17,1.0,0.976,0.799,0.892
WA,18,6.03,0.89,0.867,0.57,1.0
IL,2,5.9,1.0,1.0,0.594,
VA,46,5.54,1.0,1.0,0.739,0.852
MD,19,5.49,1.0,1.0,0.664,0.808
MA,9,5.35,1.0,1.0,0.885,1.0
MI,30,4.55,1.0,1.0,0.579,
LA,30,3.34,1.0,1.0,0.804,0.985
PA,4,3.08,1.0,1.0,0.652,0.875
OH,7,2.45,1.0,1.0,0.711,
PR,46,2.2,1.0,1.0,0.571,1.0
OR,10,1.98,0.786,0.491,0.619,0.541
WI,11,1.93,0.999,0.999,0.722,
SC,11,1.63,1.0,1.0,0.777,1.0
NC,28,1.48,1.0,1.0,0.778,0.964
HI,5,1.45,0.988,0.968,0.785,1.0
RI,5,1.1,1.0,0.999,0.912,1.0
ME,10,1.05,0.991,0.991,0.796,0.958
DE,3,1.02,1.0,1.0,0.727,1.0
IN,3,0.79,1.0,1.0,0.68,
AL,5,0.72,1.0,1.0,0.656,1.0
GA,11,0.72,1.0,1.0,0.854,1.0
DC,1,0.68,1.0,1.0,0.72,1.0
MS,5,0.48,0.999,0.003,0.858,0.83
NH,2,0.45,1.0,1.0,0.798,0.996
AK,11,0.43,0.925,0.785,0.609,0.738
