fips,name,structures,residential,sfha_nsi,sfha_residential_nsi,certificates,cert_slab,cert_elevated,lpc_tiles,lpc_gb,lpc_projects
12086,Miami-Dade,579117,492181,232995,199250,1306.0,1103.0,192.0,9132,1305.573483122,7
12071,Lee,380420,346951,157689,145195,12683.0,10217.0,2416.0,4433,334.508118493,3
12011,Broward,723317,652397,140628,123415,12659.0,12045.0,533.0,4870,325.925098121,6
12057,Hillsborough,493444,448186,63142,56828,7064.0,6305.0,716.0,2521,467.015055835,5
12015,Charlotte,107946,100666,52493,49038,2975.0,2739.0,209.0,1755,297.952702967,4
12099,Palm Beach,586873,530976,47649,43577,9686.0,9333.0,300.0,12730,683.798705933,6
12115,Sarasota,230049,210450,44727,41799,5687.0,4993.0,653.0,1868,413.396973279,3
12081,Manatee,177113,164526,40190,37749,4694.0,4142.0,530.0,2863,793.296380301,4
12101,Pasco,246677,229196,39030,35604,5594.0,4934.0,636.0,1706,452.560376925,4
12087,Monroe,45635,38080,40066,34033,187.0,58.0,129.0,13722,2703.841086816,7
12127,Volusia,250292,226141,21359,19091,1099.0,909.0,172.0,5641,1426.082003299,5
12009,Brevard,271023,249193,18218,17068,1881.0,1667.0,193.0,4139,694.81899256,7
12061,Indian River,78909,72130,16197,14920,1374.0,1303.0,64.0,1201,210.777188548,4
12097,Osceola,140770,131130,15194,14370,767.0,706.0,47.0,11035,1178.285930326,7
12017,Citrus,85460,78835,13981,12092,533.0,332.0,192.0,1242,353.535597676,3
12105,Polk,294963,272548,11390,10707,890.0,729.0,150.0,8008,1272.462536582,8
12005,Bay,84154,74934,11182,9900,1606.0,1202.0,388.0,5083,700.475933094,5
12031,Duval,364148,328032,11131,9721,4156.0,3699.0,413.0,3011,681.98090308,4
12095,Orange,445966,397341,10688,9209,1507.0,1384.0,109.0,2475,685.983378101,6
12033,Escambia,137099,120946,8846,7909,581.0,296.0,281.0,4980,308.40354583,7
12083,Marion,186765,171467,8937,7895,228.0,166.0,51.0,3062,874.406496104,4
12069,Lake,164915,151946,7544,6862,549.0,442.0,98.0,4835,1185.092084464,4
12111,St. Lucie,136649,126056,6675,6144,589.0,488.0,95.0,1139,208.550114902,4
12113,Santa Rosa,75349,69725,6031,5594,609.0,464.0,144.0,3000,209.728663036,6
12091,Okaloosa,89391,79911,5581,5078,313.0,234.0,63.0,2448,215.827923047,8
12103,Pinellas,428444,391677,5018,4807,8175.0,6158.0,1936.0,1129,150.229260486,5
12053,Hernando,89528,84652,5071,4795,475.0,266.0,207.0,979,302.648635085,3
12131,Walton,46827,42368,4864,4608,931.0,639.0,281.0,5078,818.3279498,11
12093,Okeechobee,21264,19315,4763,4529,36.0,22.0,13.0,3068,401.947032142,6
12037,Franklin,8905,7893,4869,4340,513.0,84.0,428.0,4681,628.232844287,4
12117,Seminole,172545,155478,4884,4324,323.0,282.0,30.0,965,299.439278793,4
12107,Putnam,42574,39320,4486,4247,153.0,75.0,76.0,2873,711.073962253,4
12001,Alachua,95524,84597,4663,4050,299.0,251.0,44.0,2950,682.591284298,6
12085,Martin,75926,67665,4414,3904,1029.0,921.0,100.0,2280,311.467056533,5
12029,Dixie,10110,9564,3907,3782,169.0,40.0,126.0,2220,568.342372778,6
12019,Clay,84139,78156,3687,3451,1239.0,1098.0,133.0,1880,568.023189389,4
12045,Gulf,9330,8319,3755,3403,829.0,116.0,710.0,3595,565.480200757,5
12089,Nassau,41915,39005,3543,3317,683.0,571.0,107.0,3393,694.124637876,3
12129,Wakulla,14978,13721,3629,3291,316.0,113.0,201.0,4552,621.190305918,5
12073,Leon,105942,92556,3472,2899,155.0,101.0,48.0,7483,1004.653309388,8
12075,Levy,21263,19343,3156,2823,151.0,58.0,89.0,3046,755.473192589,5
12109,St. Johns,104163,96803,3008,2783,4493.0,3994.0,476.0,2455,564.585389209,4
12123,Taylor,11109,9758,2915,2677,127.0,30.0,95.0,3360,884.174848563,7
12035,Flagler,52712,49625,2624,2482,443.0,410.0,30.0,1368,317.317514309,4
12119,Sumter,73041,70279,2586,2480,664.0,603.0,60.0,1490,530.542894338,4
12055,Highlands,56726,50390,2507,2149,159.0,135.0,20.0,3163,466.745748464,4
12023,Columbia,30976,28107,1889,1824,52.0,28.0,22.0,2867,706.047961125,6
12051,Hendry,17356,14936,1868,1545,118.0,77.0,40.0,3997,645.069740144,5
12121,Suwannee,22455,20585,1632,1486,10.0,2.0,8.0,2562,706.169952905,5
12007,Bradford,12049,10879,1402,1317,76.0,33.0,32.0,1781,414.123856746,4
12059,Holmes,9743,8793,1077,967,3.0,0.0,3.0,1916,368.751107757,10
12043,Glades,7702,7161,965,879,18.0,11.0,6.0,2835,415.636761796,4
12027,DeSoto,14833,13371,962,879,61.0,41.0,20.0,912,243.533497816,4
12133,Washington,13014,11902,883,832,9.0,5.0,3.0,3596,647.341448248,5
12067,Lafayette,4013,3659,858,823,14.0,3.0,11.0,2434,563.726775118,5
12041,Gilchrist,8398,7707,853,808,49.0,11.0,36.0,1018,228.991541072,7
12013,Calhoun,7401,6430,705,607,3.0,1.0,2.0,3240,497.500827902,4
12049,Hardee,10346,9203,516,484,9.0,4.0,5.0,870,249.839840894,4
12003,Baker,10891,9954,473,459,20.0,10.0,10.0,1973,384.437874352,5
12063,Jackson,21081,18666,497,451,6.0,3.0,3.0,5604,651.120061371,11
12079,Madison,8556,7670,446,420,6.0,2.0,4.0,3119,760.502320736,7
12039,Gadsden,20287,18318,342,312,21.0,8.0,11.0,4994,637.703481483,8
12065,Jefferson,7188,6317,331,297,8.0,4.0,3.0,5158,962.359598286,8
12047,Hamilton,6618,5243,373,294,0.0,0.0,0.0,2195,574.147553441,5
12077,Liberty,3349,2968,217,162,0.0,0.0,0.0,7664,1197.170860329,6
12125,Union,5026,4602,165,155,7.0,3.0,4.0,1130,257.036234381,4
12021,Collier,188895,174174,182,152,8784.0,7951.0,779.0,7569,1046.041440667,7
