cid,state,year,kind,rule_before,rule_after,n_before,n_after,above_bfe_before,above_bfe_after,rule_change,floor_change
120035,FL,2017,statewide,0.0,1.0,31,11,2.482076166744232,2.869433524951935,1.0,0.38735735820770323
120051,FL,2017,statewide,0.0,1.0,54,56,1.594385066399573,1.862887494959831,1.0,0.2685024285602582
120055,FL,2017,statewide,0.0,1.0,45,14,0.7910756152057647,1.8464088370800025,1.0,1.0553332218742377
120058,FL,2017,statewide,0.0,1.0,32,17,2.5485328374195104,1.6228010450267796,1.0,-0.9257317923927308
120061,FL,2017,statewide,0.0,1.0,26,49,-1.3212665431451796,-2.5231006196880337,1.0,-1.2018340765428541
120067,FL,2017,statewide,0.0,1.0,295,254,2.619960856723786,1.9626490873837468,1.0,-0.6573117693400392
120112,FL,2017,statewide,0.5,1.0,81,131,0.8153601777553572,0.46457251497268626,0.5,-0.35078766278267093
120114,FL,2009,local,0.0,0.5,58,31,0.544718756072522,0.20369180388450658,0.5,-0.3410269521880154
120114,FL,2017,statewide,0.5,1.0,38,252,0.18799466200351755,0.8157168977069862,0.5,0.6277222357034686
120119,FL,2017,statewide,0.0,1.0,20,66,-0.6543434402465849,-1.9249730849075313,1.0,-1.2706296446609464
120155,FL,2017,statewide,0.0,1.0,28,25,-0.19796650925636294,-2.3298523427200317,1.0,-2.1318858334636688
120161,FL,2017,statewide,0.0,1.0,19,27,1.5560660557842256,1.1555365970754634,1.0,-0.4005294587087622
120250,FL,2017,statewide,0.0,1.0,10,15,-2.340585801451206,-0.2974303690814972,1.0,2.043155432369709
120279,FL,2017,statewide,0.0,1.0,13,77,0.801123243303298,-0.10045677118301555,1.0,-0.9015800144863135
120426,FL,2017,statewide,0.0,1.0,18,56,1.4493634307980536,1.439935955407619,1.0,-0.009427475390434648
120680,FL,2017,statewide,0.0,1.0,11,55,2.60502327243805,1.0292659090137466,1.0,-1.5757573634243034
125095,FL,2017,statewide,0.0,1.0,127,155,0.8441799846363063,0.8371094883537298,1.0,-0.007070496282576499
125102,FL,2017,statewide,0.0,1.0,13,18,0.5235768444633488,0.7122951156091699,1.0,0.18871827114582107
125105,FL,2014,local,0.0,1.0,36,118,0.6355753443598744,1.1715757480025295,1.0,0.5360004036426551
125106,FL,2017,statewide,0.0,1.0,58,87,2.964068593473435,2.738682688655853,1.0,-0.22538590481758192
125124,FL,2017,statewide,0.0,1.0,115,337,1.2722603152942646,0.5442932490158086,1.0,-0.7279670662784561
125130,FL,2017,statewide,0.0,1.0,51,139,0.9752252020359036,1.1294500993251804,1.0,0.1542248972892768
125144,FL,2017,statewide,0.0,1.0,33,200,0.489945700788498,0.5298072350001335,1.0,0.03986153421163552
125147,FL,2017,statewide,0.0,1.0,21,95,0.47133319383621153,0.7140419854593274,1.0,0.24270879162311587
125148,FL,2015,local,0.0,2.0,14,48,-2.532704323301315,0.17941120714187608,2.0,2.712115530443191
370072,NC,2004,local,0.0,2.0,107,212,2.7555570894098285,3.389555233356952,2.0,0.6339981439471236
360497,NYC,2013,statewide,0.0,2.0,85,160,3.942179300000001,4.6341788,2.0,0.6919994999999988
515527,VA,2010,local,0.0,1.0,47,19,2.7499036876726146,2.5452957904148095,1.0,-0.20460789725780515
515527,VA,2014,local,1.0,3.0,25,62,2.456924165043831,3.802625444757938,2.0,1.345701279714107
