group,level,n,coverage,MAE,flagged_share,median_width,truly_raised_share
dgroup x flagged,"('elev 5-9', False)",119,0.7899159663865546,1.3189322488804591,0.0,3.1687777151512213,0.2857142857142857
dgroup x flagged,"('elev 5-9', True)",107,0.9252336448598131,3.0578154847534673,1.0,16.51406048721101,0.9532710280373832
dgroup x flagged,"('other 2-4', False)",7,1.0,0.7870958554691242,0.0,3.6446058691729633,0.14285714285714285
dgroup x flagged,"('other 2-4', True)",3,1.0,3.455344342840641,1.0,12.619758222789109,1.0
dgroup x flagged,"('slab 1A/1B', False)",884,0.9276018099547512,0.4276437663224679,0.0,1.6862536441368219,0.03959276018099547
dgroup x flagged,"('slab 1A/1B', True)",195,0.9435897435897436,2.5067061276442852,1.0,14.330716223156676,0.48717948717948717
dgroup,elev 5-9,226,0.8539823008849557,2.1422088251566183,0.47345132743362833,6.983403925881296,0.6017699115044248
dgroup,other 2-4,10,1.0,1.5875704016805794,0.3,4.795488074405502,0.4
dgroup,slab 1A/1B,1079,0.9304911955514366,0.8033779280071337,0.18072289156626506,1.8988808625347589,0.12048192771084337
zone,A,1192,0.9186241610738255,1.026470995125373,0.2214765100671141,2.1853505715193977,0.20218120805369127
zone,V,25,0.88,2.17607440711733,0.68,12.619758222789109,0.56
zone,X/other,96,0.9270833333333334,0.8851402593508912,0.25,2.0781849815533913,0.14583333333333334
zone,other:08/24/21,1,1.0,0.10619433253322019,0.0,1.5345759106893166,0.0
zone,other:SHADED X,1,0.0,3.8247372243021593,0.0,1.6349372854863773,1.0
decade,1900,2,1.0,0.9001013454242497,0.5,10.057738541650211,0.0
decade,1910,4,1.0,0.8869438068509796,0.5,4.854888231716348,0.5
decade,1920,31,0.967741935483871,0.8470866556531282,0.12903225806451613,4.239861386145781,0.22580645161290322
decade,1930,9,0.8888888888888888,0.9598714795426273,0.0,4.876614154726104,0.2222222222222222
decade,1940,58,0.9482758620689655,0.576722080630336,0.05172413793103448,3.4760224947858624,0.1206896551724138
decade,1950,371,0.9056603773584906,0.4556072098406535,0.026954177897574125,1.5824398865614144,0.04582210242587601
decade,1960,191,0.9214659685863874,0.5279923673332594,0.05759162303664921,1.5404071922456366,0.06806282722513089
decade,1970,196,0.9183673469387755,0.5135459749568498,0.08163265306122448,1.7590600092935755,0.10204081632653061
decade,1980,133,0.9473684210526315,1.3148705131875458,0.39849624060150374,3.461433920504896,0.3308270676691729
decade,1990,96,0.8958333333333334,1.7397776624298036,0.4583333333333333,7.795201335144135,0.3125
decade,2000,84,0.9166666666666666,2.7977907027350133,0.75,16.255389556384657,0.4880952380952381
decade,2010,64,0.90625,2.141183598861284,0.71875,12.289449803659217,0.609375
decade,2020,43,0.9069767441860465,3.082877748294983,0.7674418604651163,17.34781050433987,0.7209302325581395
decade,nan,33,0.9090909090909091,2.3067006091553446,0.5757575757575758,7.800013416900477,0.5151515151515151
g_lag tercile,high,438,0.9041095890410958,0.9729003877970731,0.20776255707762556,2.3639926642465587,0.12557077625570776
g_lag tercile,low,439,0.9362186788154897,1.1600181780123637,0.25740318906605925,2.3032586796394865,0.2437357630979499
g_lag tercile,mid,438,0.91324200913242,0.9851171982177013,0.23059360730593606,1.9942495176352906,0.2465753424657534
fp_area tercile,high,438,0.9292237442922374,1.0901284283121184,0.3150684931506849,2.8995382235639786,0.2808219178082192
fp_area tercile,low,439,0.9111617312072893,1.1488785113815163,0.2164009111617312,2.321105075489287,0.1776765375854214
fp_area tercile,mid,438,0.91324200913242,0.8790542573623408,0.1643835616438356,1.8624732019230439,0.15753424657534246
living_area tercile,high,427,0.9320843091334895,1.5856248009320022,0.41920374707259955,5.220819986440891,0.3395784543325527
living_area tercile,low,430,0.8953488372093024,0.6609956456212013,0.08139534883720931,1.7073639943162249,0.09767441860465116
living_area tercile,mid,425,0.9270588235294117,0.7751732825992727,0.16941176470588235,1.8510791626393273,0.15529411764705883
living_area tercile,nan,33,0.9090909090909091,2.3067006091553446,0.5757575757575758,7.800013416900477,0.5151515151515151
raised_flag,False,1010,0.9118811881188119,0.5351482158753665,0.0,1.7756442718686518,0.06930693069306931
raised_flag,True,305,0.9377049180327869,2.709376999304192,1.0,15.375774201028541,0.6557377049180327
truly_raised x flagged,"(False, False)",940,0.9393617021276596,0.3905103499575417,0.0,1.7461320136751706,0.0
truly_raised x flagged,"(False, True)",105,0.9523809523809523,3.2995883110334434,1.0,18.530125742326224,0.0
truly_raised x flagged,"(True, False)",70,0.5428571428571428,2.4774281296290144,0.0,3.207578288408977,1.0
truly_raised x flagged,"(True, True)",200,0.93,2.399516060646335,1.0,14.272282919576451,1.0
zone x flagged,"('A', False)",928,0.9116379310344828,0.5403556060041235,0.0,1.7769736079576426,0.06896551724137931
zone x flagged,"('A', True)",264,0.9431818181818182,2.7352402417334014,1.0,15.799641088591162,0.6704545454545454
zone x flagged,"('V', False)",8,0.875,0.47081194015762806,0.0,2.2334302259168926,0.125
zone x flagged,"('V', True)",17,0.8823529411764706,2.9785508621571894,1.0,15.402669984202134,0.7647058823529411
zone x flagged,"('X/other', False)",72,0.9305555555555556,0.435448174780518,0.0,1.772038553170956,0.05555555555555555
zone x flagged,"('X/other', True)",24,0.9166666666666666,2.2342165130620115,1.0,10.376503629818679,0.4166666666666667
zone x flagged,"('other:08/24/21', False)",1,1.0,0.10619433253322019,0.0,1.5345759106893166,0.0
zone x flagged,"('other:SHADED X', False)",1,0.0,3.8247372243021593,0.0,1.6349372854863773,1.0
dgroup x truly_raised,"('elev 5-9', False)",90,0.8888888888888888,0.7069253118527532,0.05555555555555555,3.1590261237672506,0.0
dgroup x truly_raised,"('elev 5-9', True)",136,0.8308823529411765,3.0920287971959404,0.75,14.273624000783823,1.0
dgroup x truly_raised,"('other 2-4', False)",6,1.0,0.5842193969375485,0.0,2.5809897134444872,0.0
dgroup x truly_raised,"('other 2-4', True)",4,1.0,3.0925969087951257,0.75,11.304734638731361,1.0
dgroup x truly_raised,"('slab 1A/1B', False)",949,0.9452054794520548,0.6811463721498711,0.1053740779768177,1.7728012652854994,0.0
dgroup x truly_raised,"('slab 1A/1B', True)",130,0.823076923076923,1.695668285765151,0.7307692307692307,5.124479135119569,1.0
